"questionId","2014-01-07","2014-02-07","2014-03-07","2014-04-07","2014-05-07","2014-06-07","2014-07-07","2014-08-07","2014-09-07","2014-10-07","2014-11-07","2014-12-07","2015-01-07","2015-02-07","2015-03-07","2015-04-07"
2,NA,NA,NA,NA,0.374500026625871,0.331304224236926,0.213392332965856,0.436825880634946,0.297254157500898,NA,NA,NA,NA,NA,NA,2
3,NA,0.279948308697719,0.279948308697719,0.279948308697719,0.279948308697719,0.26277606283312,0.170352439652398,0.315204517280433,0.162732912556768,NA,NA,NA,NA,NA,NA,2
4,NA,0.821354099747645,0.821354099747645,0.821354099747645,0.821354099747645,0.950544574824037,1.39461200390024,1.41098801798392,1.58331298603674,NA,NA,NA,NA,NA,NA,2
5,0.00942425122853889,0.0249306675868822,0.0312500021620117,0.03125,0.0508998189875045,0.0360377944250396,0.00436125321145253,0.0164290217149982,0.00233766528127321,0.00590342354528503,NA,NA,NA,NA,NA,2
6,NA,1.02672671430569,1.02672671430569,1.02672671430569,1.02672671430569,1.12374956330347,1.33076030524018,1.36743740730458,1.63469760081536,NA,NA,NA,NA,NA,NA,2
9,0.67146838366193,0.337664943158416,0.159956761539716,NA,NA,NA,NA,NA,NA,NA,NA,NA,NA,NA,NA,2
10,0.117981199608501,0.117981199608501,NA,NA,NA,NA,NA,NA,NA,NA,NA,NA,NA,NA,NA,2
11,0.171815149666817,0.100171323188443,0.0677455784618475,0.0641282812889264,0.0867020824929301,0.138186599736936,0.128652547969562,NA,NA,NA,NA,NA,NA,NA,NA,2
12,0.143581314806454,0.0646838569158192,0.0611284650110119,0.2093695023206,0.166267563117872,0.109115461723202,0.125992677374827,NA,NA,NA,NA,NA,NA,NA,NA,2
13,0.0875342757740086,0.0878781623155275,0.136111566139449,NA,NA,NA,NA,NA,NA,NA,NA,NA,NA,NA,NA,2
14,NA,0.59304362300315,0.605,0.605,0.604700913701395,0.35226427897061,0.147794198141436,NA,NA,NA,NA,NA,NA,NA,NA,2
15,NA,0.719716689282537,0.721550919961085,0.680957415895747,0.71978908587268,0.500855816204457,0.244486654738705,NA,NA,NA,NA,NA,NA,NA,NA,2
16,0.643520960334492,0.668584183956931,0.564145760423236,0.895071141940063,1.01395624672608,0.223920353396356,0.177607596708817,NA,NA,NA,NA,NA,NA,NA,NA,2
17,0.0610468738507011,NA,NA,NA,NA,NA,NA,NA,NA,NA,NA,NA,NA,NA,NA,2
19,0.58321122368356,NA,NA,NA,NA,NA,NA,NA,NA,NA,NA,NA,NA,NA,NA,2
20,0.39496848122763,0.153087112051578,NA,NA,NA,NA,NA,NA,NA,NA,NA,NA,NA,NA,NA,2
22,0.398331004287608,0.38481339483723,NA,NA,NA,NA,NA,NA,NA,NA,NA,NA,NA,NA,NA,2
37,NA,0.427000535673957,0.427000535673957,0.477308608889901,0.477308608889901,0.397664962600304,0.38566577948027,0.228237724165446,0.231707361364609,0.0269013885749411,NA,NA,NA,NA,NA,2
38,NA,0.609295875281484,0.609295875281484,0.609295875281484,0.609295875281484,0.522639368560202,0.679634971561118,0.745782552378465,0.598428995409625,0.00581425675733484,NA,NA,NA,NA,NA,2
39,0.692078682260318,0.333016867631777,0.417016255416511,0.564827322867488,0.568371442754351,0.220970818391842,0.115339929538387,NA,NA,NA,NA,NA,NA,NA,NA,2
40,0.855491519882078,0.479236259056476,0.467286582196956,0.46406429022956,0.272417310424798,0.227705311309449,0.134197660428491,NA,NA,NA,NA,NA,NA,NA,NA,2
41,0.160211241180888,0.0924482820157022,0.0812214190675219,0.0812214190675219,0.0812214190675219,0.05356453847919,0.0245735463499442,NA,NA,NA,NA,NA,NA,NA,NA,2
42,0.741663841119405,0.422768802522464,0.347124291208494,0.275470311079309,0.234589255105831,0.173738147232246,0.0784093572390483,NA,NA,NA,NA,NA,NA,NA,NA,2
43,NA,0.51215742040128,0.347411780365236,0.378129408251101,0.378129408251101,0.346011446136496,0.271340467122447,0.0842569661541425,0.0616874823088078,0.0265959344601443,0.00354609145335305,0.000396893342987797,NA,NA,NA,2
44,NA,0.456233175741972,0.456233175741972,0.456233175741972,0.456233175741972,0.318748651397608,0.238547732631926,0.086050847893005,0.0792871047343614,0.0485537129743153,0.00781142475305427,0.00586434335089486,NA,NA,NA,2
45,NA,NA,0.172545384024949,0.172545384024949,0.172545384024949,0.145585833900097,0.0753799200057963,0.0157817204486137,0.014734311103621,0.0101467127208813,0.00160486745372574,0.000179659468319584,NA,NA,NA,2
46,NA,1.0164631248398,1.0164631248398,1.0164631248398,1.0164631248398,0.834978683635172,0.141083144477722,0.0768566898991915,0.0661096914646839,0.0350550706136723,0.00585063065145308,0.000257504929487425,NA,NA,NA,2
47,NA,NA,0.0233443935969685,0.0233443935969685,0.0233443935969685,0.0248906270742587,0.0293667887338074,0.0094251256308204,0.021148933634618,0.00915999283663297,0.00688539169614813,0.00227233252714644,NA,NA,NA,2
48,NA,0.0685773089738338,0.0685773089738338,0.0685773089738338,0.0685773089738338,0.0433535762278952,0.013674445991683,0.00266229989685724,0.00651969137593268,0.00651969137593268,0.000768139190946501,0.00169696289337177,NA,NA,NA,2
51,0.868400453477882,NA,NA,NA,NA,NA,NA,NA,NA,NA,NA,NA,NA,NA,NA,2
52,0.814641613849404,NA,NA,NA,NA,NA,NA,NA,NA,NA,NA,NA,NA,NA,NA,2
53,NA,NA,0.0218038599360535,0.0218038599360535,0.0427131637338238,0.0637506777874406,0.0620239337996677,NA,NA,NA,NA,NA,NA,NA,NA,2
54,NA,0.0238398213072098,0.0403286440311933,0.0524322045643028,0.0472930155700793,0.0289514265268388,0.0261340363580887,NA,NA,NA,NA,NA,NA,NA,NA,2
55,NA,NA,0.0200517068595753,0.0373575794109877,0.0373575794109877,0.0207478340341564,0.0343194896500454,NA,NA,NA,NA,NA,NA,NA,NA,2
56,NA,0.044041773610098,0.0290820941710202,0.0290820941710202,0.0290820941710202,0.0202212808994079,0.0207947681232683,0.00478999423750178,0.00281854396505229,0.00348410357206139,0.00482886774896089,0.00144356783326716,NA,NA,NA,2
61,NA,0.841490257028449,0.598875229478243,NA,NA,NA,NA,NA,NA,NA,NA,NA,NA,NA,NA,2
62,0.49159286453731,NA,NA,NA,NA,NA,NA,NA,NA,NA,NA,NA,NA,NA,NA,2
72,0.00817118792308513,0.0537803371555564,0.0235981255910505,0.0235981255910505,0.0235981255910505,0.0152846399206197,0.0593077355318415,NA,NA,NA,NA,NA,NA,NA,NA,2
73,0.0984909681270475,0.0664232725421895,0.029895870706023,0.0188631779897467,0.00864777928563134,0.00947905003436157,0.0363841462627721,NA,NA,NA,NA,NA,NA,NA,NA,2
74,1.08977163002655,1.12674833453716,0.920639485965352,0.962710493188671,0.949094922382319,0.881587265044146,0.977402050956511,0.770856394210712,0.625071743444052,0.750071240107814,NA,NA,NA,NA,NA,2
75,0.56220158100033,0.637441949965706,0.642077453782827,0.675639082407645,0.675639082407645,0.744381317424021,0.79353346947159,0.714063893630541,0.69596465123897,0.726394948256176,NA,NA,NA,NA,NA,2
76,0.706657147876405,0.706657147876405,0.706657147876405,0.706657147876405,0.706657147876405,0.562470819763501,0.352232913020874,0.268806946398065,0.307198768879511,0.118583085830519,0.056825112560922,0.0493066375020404,0.0073738834385098,NA,NA,2
77,0.0572882274281155,NA,NA,NA,NA,NA,NA,NA,NA,NA,NA,NA,NA,NA,NA,2
78,0.0485417004378953,NA,NA,NA,NA,NA,NA,NA,NA,NA,NA,NA,NA,NA,NA,2
79,0.130818735045919,0.0431778967545753,0.0180853285457649,NA,NA,NA,NA,NA,NA,NA,NA,NA,NA,NA,NA,2
84,0.414085916832443,0.338644449276028,0.284133577079712,0.284133577079712,0.284133577079712,0.184339457207584,0.155967803414984,0.127211344957171,0.120691204583949,0.0166889815129326,0.012837508226176,0.00814399709094067,0.040007005090128,NA,NA,2
85,NA,0.620806693434345,0.620806693434345,0.605656448558818,0.605656448558818,0.377197149598749,0.476410038906422,0.411250949749032,0.472735131915556,0.118392107828731,0.00706197989617076,NA,NA,NA,NA,2
90,1.44704449001775,1.50315399682773,NA,NA,NA,NA,NA,NA,NA,NA,NA,NA,NA,NA,NA,2
91,NA,1.04208649354634,1.04208649354634,0.987445154219826,0.987445154219826,1.02043863374897,1.22297581689196,1.38462470289891,1.39093452942274,1.26528692604853,NA,NA,NA,NA,NA,2
92,NA,0.475403364575664,0.475403364575664,0.388808587567177,0.388808587567177,0.325256646816304,0.160161459871701,0.160535771488497,0.0723782575482618,NA,NA,NA,NA,NA,NA,2
93,0.32053354818153,0.257822011388432,0.301999730012653,0.333203242708395,0.333203242708395,0.322227525004806,0.341776483690681,0.274085502778041,0.115565142287043,NA,NA,NA,NA,NA,NA,2
94,NA,0.293264350997901,0.293264350997901,0.307530504307692,0.193563452796921,0.142955430069965,0.236809373002933,0.303735755199704,0.120386583350787,NA,NA,NA,NA,NA,NA,2
95,0.388071174702837,0.288830561480123,0.263009426774044,0.263009426774044,0.263009426774044,0.194212690248326,0.0872360626103628,0.140789644909936,0.108667741247297,NA,NA,NA,NA,NA,NA,2
96,0.25281975818709,0.392718706936414,0.333317490358646,0.333317490358646,0.0972697224098919,0.110623881963508,0.177512543847489,0.235169541061043,0.177559031022521,0.273249179590604,NA,NA,NA,NA,NA,2
97,NA,0.501295569935412,0.501295569935412,0.501295569935412,0.418726796706492,0.344927305800918,0.548383809683808,0.543169702703454,0.73505176707634,NA,NA,NA,NA,NA,NA,2
98,NA,0.436633293516954,0.436633293516954,0.458841327617461,0.458841327617461,0.398312705581776,0.0575673308701235,0.061025203401542,0.111430617326791,NA,NA,NA,NA,NA,NA,2
99,0.270909176803168,0.130504999630579,0.0246883316589015,0.0246883316589015,0.0246883316589015,0.0252213888524385,0.208085550828239,0.211533897737012,0.0991302703849795,NA,NA,NA,NA,NA,NA,2
100,0.62585243435602,0.62585243435602,0.62585243435602,0.548043679789855,0.548043679789855,0.546508895883522,0.841326185119558,1.10337733581107,1.33995067943343,NA,NA,NA,NA,NA,NA,2
101,0.702880679225149,0.835821781163357,0.835821781163357,0.784468034775484,0.784468034775484,0.725085504850776,0.81036002931639,0.945789068496173,1.29147094076255,1.21110762950789,NA,NA,NA,NA,NA,2
102,0.836712462968319,0.969511204925825,0.721471962343544,0.315515005413898,0.694377220814767,0.417928956602266,0.31972066197278,0.377856050180615,0.387299939763461,0.064726216906771,0.0433639463308079,0.0129712885103773,0.0561193826300067,NA,NA,2
103,0.151940856044329,0.255965139594284,0.451794153712935,0.557523762550954,0.398488654134944,0.0716366920175073,0.305185508686916,0.736361879374218,0.418364891552724,0.193921856080947,0.0361709751681359,0.0534425621640067,0.00171572412870445,NA,NA,2
104,0.233285349322964,0.380376881250459,0.389722695815558,0.27618094045137,0.238701222676457,0.532763616462313,NA,NA,NA,NA,NA,NA,NA,NA,NA,2
106,0.690371555201772,0.614307030293369,NA,NA,NA,NA,NA,NA,NA,NA,NA,NA,NA,NA,NA,2
107,1.01050818153088,1.03040344822792,1.04421566687497,1.09906229148547,1.11740678997306,0.951393370788217,0.954567637471083,0.878422410760515,0.842402142434531,0.828841292095956,0.184247360624412,NA,NA,NA,NA,2
108,0.9632522485485,0.669763804695255,0.669763804695255,0.669763804695255,0.669763804695255,0.606498747212856,0.676622672170562,0.805342088547756,0.820757179833064,0.802918590752924,NA,NA,NA,NA,NA,2
109,0.136515221303109,0.105982231556321,0.105982231556321,0.117324677252343,0.0990422394798758,0.210071118139897,0.193578401387792,0.0579060796696841,0.0280125109042469,0.000914196318217511,NA,NA,NA,NA,NA,2
110,0.610951368701129,0.644433622398348,0.68375731967948,0.674795734869367,0.674795734869367,0.689058242381364,0.781395427925969,0.859754905454582,0.664347565580251,0.291059170972091,NA,NA,NA,NA,NA,2
111,NA,0.614737045143267,0.614737045143267,0.603148275440013,0.621858184381885,0.401992143937625,0.125585375843191,0.0828045540339619,0.0105118839747761,0.00441513762824974,NA,NA,NA,NA,NA,2
112,0.210901462242272,0.210901462242272,0.198230256827523,0.185242528274356,0.185242528274356,0.184648538079658,0.106573070860288,0.0412397623589655,0.0409508094135512,0.134423872676046,NA,NA,NA,NA,NA,2
113,0.21082241003302,0.211569181754275,0.162744636772405,0.156030173082805,0.154057059594193,0.165239123911302,0.251335868200119,0.2942127264348,NA,NA,NA,NA,NA,NA,NA,2
114,0.339204199379905,0.333348185826328,0.273269988220871,0.232919635598952,0.233310539588407,0.248484950653801,0.296052545963188,NA,NA,NA,NA,NA,NA,NA,NA,2
115,0.370528999997446,0.409594575578347,0.409594575578347,0.506740633253525,0.506740633253525,0.453533921058332,0.436365883706367,0.354110140400442,NA,NA,NA,NA,NA,NA,NA,2
116,0.152699318490636,0.143721524854922,0.165778201737099,0.149204863441774,0.149204863441774,0.108538529341896,0.179487600856775,NA,NA,NA,NA,NA,NA,NA,NA,2
117,0.597380371589583,0.595519546542641,0.709040947713463,0.730226109921053,0.730226109921053,0.663329424043507,0.57714838656928,0.407693667035107,NA,NA,NA,NA,NA,NA,NA,2
118,0.203744071554399,0.134694821177051,0.157911275754504,0.141897530773419,0.141897530773419,0.129313810447037,0.166632307142195,NA,NA,NA,NA,NA,NA,NA,NA,2
119,0.333288604247602,0.340180546585043,0.340180546585043,0.347375733841607,0.369735637634541,0.139371637977952,0.12946476366249,0.0751966932327452,NA,NA,NA,NA,NA,NA,NA,2
120,0.207957468977807,0.23214782211085,0.24441120110507,0.253131254452034,0.142043254121546,0.073817167261185,0.0826182357895182,0.0371555200818494,NA,NA,NA,NA,NA,NA,NA,2
121,0.203327496520072,0.194908940039415,0.203942869104782,0.189253196173247,0.189253196173247,0.128815582046071,0.116270339435432,0.0830025724169263,NA,NA,NA,NA,NA,NA,NA,2
122,0.488272090357594,0.510803485295234,0.615368445497757,0.617929071642438,0.634251846712526,0.463989395619932,0.429590620625507,NA,NA,NA,NA,NA,NA,NA,NA,2
125,0.596987047614165,0.464780551746465,0.424112880672246,0.424112880672246,0.424112880672246,0.390948543885578,0.139055744205245,0.0471379995610159,0.0238981405631778,0.0111924690580415,0.00390087156215378,0.00109250223104753,0.003613104708248,NA,NA,2
126,0.339590206683246,0.683314970949922,1.23664941971583,NA,NA,NA,NA,NA,NA,NA,NA,NA,NA,NA,NA,2
127,0.30985980716448,0.0634019849543688,0.0587405218807564,0.0293496391451755,0.111107117215425,0.0513442660502198,0.0408469541679335,0.00862292862632019,0.010964175162121,NA,NA,NA,NA,NA,NA,2
128,0.341332381050515,0.0488605508481991,0.0486481214219753,0.257647806111298,0.110687972343526,0.00685646076481159,0.0166669294114183,0.0178024113782349,0.0117194519050559,0.005256150181984,0.00372033224619565,0.00714352610965087,0.000472692783222852,NA,NA,2
129,0.522897941322028,0.646224761111037,0.48351036765612,0.426762382339463,0.632601485508008,0.818900524464659,1.34927240494976,1.05166657473536,0.817281715940592,0.850073565147703,1.09019153304797,1.47079283464629,NA,NA,NA,2
131,0.478496419806801,0.373148891844572,0.440800048954405,0.463117192862343,0.905568559049238,NA,NA,NA,NA,NA,NA,NA,NA,NA,NA,2
138,NA,0.632150224941646,0.591845726541585,0.614325498258235,0.696526518021618,0.714473613418418,0.735267628985421,1.21656668822059,1.21310836564091,1.33679497657294,1.33679497657294,1.80228315365138,NA,NA,NA,2
142,NA,0.466584186835235,NA,NA,NA,NA,NA,NA,NA,NA,NA,NA,NA,NA,NA,2
143,NA,0.242985333103925,0.0932293585223514,0.00810828249521645,0.00569765524550527,0.0117457950705948,0.120039983215925,0.0404019066764498,0.0230728671841042,0.000769094053556285,NA,NA,NA,NA,NA,2
144,NA,0.205728172087375,0.0228552199555217,0.0190399894457765,0.00231257498768523,0.00264346415073308,0.00782486035974369,0.0167809484278368,0.0156611886654603,0.0107933595180583,0.00298024690912792,0.00835737626644332,0.000725278620460835,NA,NA,2
145,NA,0.272161783822564,0.0820891467395097,0.0820891467395097,0.0474129748202002,0.0250879894059843,0.0326773834659487,0.0591103569272287,0.0478179981685522,0.0143295324575913,0.0143295324575913,0.00452621820292726,0.125086574548884,NA,NA,2
149,NA,0.0121816263728291,0.0275058201607483,0.0222196591283136,0.0880812320949641,0.102308044301985,0.0521780488329306,0.0269881342282027,0.0269881342282027,0.0269881342282027,0.0269881342282027,0.0269881342282027,0.0269881342282027,0.0269881342282027,0.0269881342282027,2
153,NA,0.178473350385609,0.0883316272321275,0.0583912836644734,0.113246508506954,0.0565357074106593,0.119073778232301,0.0877365466253069,0.0776348293986916,0.00834603094190116,NA,NA,NA,NA,NA,2
154,NA,0.277350001601091,0.277350001601091,0.182367395339937,0.223728187367131,0.249787249950424,0.344800492207508,0.344914165121914,0.204174864878914,0.124811811186009,0.0398493426292108,0.0698787062649238,0.00163323042144485,NA,NA,2
155,NA,0.256968606230801,0.313949703370294,NA,NA,NA,NA,NA,NA,NA,NA,NA,NA,NA,NA,2
157,NA,0.193901200214113,0.0186005160526751,0.00286732336792131,NA,NA,NA,NA,NA,NA,NA,NA,NA,NA,NA,2
160,NA,0.475212158285588,0.454292365657266,0.29150482651562,0.511815981916502,0.213998533154453,0.0124858699081137,NA,NA,NA,NA,NA,NA,NA,NA,2
163,NA,0.243153945258841,NA,NA,NA,NA,NA,NA,NA,NA,NA,NA,NA,NA,NA,2
164,NA,0.780544523949153,0.743127555465001,0.744741269232713,0.668127808164617,0.814044017537195,0.970871483837928,0.867236326686982,0.655135967945694,0.0148310840902306,NA,NA,NA,NA,NA,2
165,NA,0.918632209037259,0.910569997506394,0.711200478348898,0.810951128751663,0.799742441441606,0.794171031204892,0.929725688418422,0.992472706099262,0.967007561870863,NA,NA,NA,NA,NA,2
168,NA,0.465020400498007,0.185065963282951,0.0283061172901563,0.0141298706138974,NA,NA,NA,NA,NA,NA,NA,NA,NA,NA,2
169,NA,0.403692257082278,0.156853321888672,0.156853321888672,0.064844430627849,0.0325750339250139,0.0318200307416914,0.0370663730530309,0.00331095357738895,NA,NA,NA,NA,NA,NA,2
172,NA,0.442706509440635,0.442706509440635,0.294756861368061,0.294756861368061,0.267827613562682,0.184080259652104,0.171239102905081,0.228919399951473,0.149244639616917,0.149244639616917,0.0668334606562258,0.082674450036344,NA,NA,2
173,NA,0.46772858040089,0.820369634736477,0.654028407690709,0.277442692046747,0.038632686926565,0.0111508323983194,0.0152217372190064,0.00955195907643454,0.00156845500017134,0.000712297896910941,0.00242809784871058,0.000455564948054553,NA,NA,2
174,NA,0.534814970444216,0.299386867163424,0.0923061337858323,0.0765667781059379,0.00765516880445601,NA,NA,NA,NA,NA,NA,NA,NA,NA,2
175,NA,NA,0.315619835706426,0.315619835706426,0.315619835706426,0.19514351522369,0.0260750300251066,0.0247496094282069,0.00460631371365627,0.00186657438933395,0.00122059903522564,0.000654425262815487,NA,NA,NA,2
177,NA,0.280024461426727,0.0855822200848451,0.0855822200848451,0.0255819301246984,0.0324179113477476,0.0627400095167134,0.0153602461885292,0.00958782672155739,0.00302271339412055,0.0025232824818707,0.000935141914983113,NA,NA,NA,2
179,NA,0.425449174876434,0.153920839784665,0.0236013081406024,0.0236970292876826,0.0146180907702229,0.0383361920295565,0.0435037779899395,0.0423293962045706,0.0107879723498764,0.00750904978021387,0.049226829203743,0.00173016950799625,NA,NA,2
180,NA,0.635532114077731,0.72641306288732,0.487400756949631,0.619302103733358,0.528007966549491,0.731642394815827,0.340461348978324,0.307804913972787,0.294064865057667,0.0370878509823734,NA,NA,NA,NA,2
183,NA,0.399461929302004,0.0718870217804338,0.0663851929140395,0.0167634270655269,0.0126861738856624,0.0204760344958683,0.0315549667142466,0.0431553205283234,0.0267634404366931,0.0237910340242922,0.00392918771611347,0.0180438165661522,NA,NA,2
185,NA,0.574058913502159,1.1069866690296,1.24611688760027,0.991627126788918,0.0482022851976954,0.0336663401342824,NA,NA,NA,NA,NA,NA,NA,NA,2
189,NA,0.565898128269494,0.755151292281792,0.522935949887646,0.926646920125889,1.00500139171622,0.596694574753713,0.310100925138504,0.145501949207013,0.0241549067297833,0.0102712594267958,0.0053396988812216,0.0383660759845027,NA,NA,2
190,NA,0.470462073423402,0.167468089637075,0.167468060813978,0.167468060813978,0.172964551230027,0.309285180478637,0.408452770755677,0.35441213428284,0.35441213428284,0.0929600095515988,0.0488515578520467,0.110102955207198,NA,NA,2
191,NA,NA,NA,0.5,0.5,0.493048781999758,0.890922793601737,0.873264223957,0.126848410730004,0.0265496525036724,0.0109198764400505,0.053237992755033,0.00146041757576142,NA,NA,2
192,NA,NA,0.534928585527817,0.605,0.605,0.599233742007009,0.686961886680413,0.741966453707141,0.519240490680701,0.799362094037042,0.799362094037042,0.855678712787928,0.0502890777928242,NA,NA,2
193,NA,0.498818258801142,0.498818258801142,0.381968171075815,0.381968171075815,0.456331898666031,0.729797874417733,0.6596407116682,0.683462605987066,0.683462605987066,0.174554142198871,0.013058287154962,0.00150646413222022,NA,NA,2
194,NA,NA,NA,0.682672200068925,0.682672200068925,0.457032350746433,0.318548921248921,0.271769373966932,0.627696152491147,0.627696152491147,0.254521535788893,0.0446328935864068,0.0543113670935614,NA,NA,2
195,NA,0.496405223800602,0.496405223800602,0.53392698512402,0.53392698512402,0.832318339022409,0.442473748663886,0.196630381185971,0.104494510706071,0.0547740063495909,0.0254945321286,0.00917473204411601,0.0017947018842025,NA,NA,2
196,NA,0.511153490059147,0.734289427964781,0.740850190648783,NA,NA,NA,NA,NA,NA,NA,NA,NA,NA,NA,2
197,NA,0.550252356300137,0.550252356300137,0.550252356300137,0.12131306652838,0.0696335968445938,0.0425056292225205,0.0312707740341185,0.0175960529896688,0.00691593783954147,0.00207749805780407,0.0175504643959824,0.00075773019714158,NA,NA,2
199,NA,0.492000452079202,0.354525140192369,0.331361744804453,0.325272593844574,0.138712741152475,0.0800454787712946,0.0990245219361254,0.0512906618766191,0.0304577674936883,0.00488528881748547,0.0204173951417743,0.082226100322184,NA,NA,2
202,NA,0.496565330813988,0.174553393700363,0.18529915368449,0.166669174873833,0.117724304765168,0.0701094997258087,0.00330977238229995,NA,NA,NA,NA,NA,NA,NA,2
203,NA,NA,NA,NA,NA,0.545222552552695,0.621374925978849,0.784523917540388,NA,NA,NA,NA,NA,NA,NA,2
204,NA,NA,0.499999974055027,0.499999910000005,0.404954098403931,0.311447477778355,0.311119253828496,0.114397148160932,0.125289152522747,0.0978909891897231,0.0446085994346437,0.00945270152876328,0.00394482138681147,NA,NA,2
205,NA,NA,0.420593494657746,0.420593494657746,0.420593494657746,0.286720850672615,0.133558380636096,0.175102441361514,0.405442588363403,0.405442588363403,0.339171962385897,0.351606212910231,0.0783285199296439,NA,NA,2
206,NA,NA,0.38017719650791,0.124314201693564,0.124314201693564,0.427607833585963,0.783648638158301,0.481842402674847,NA,NA,NA,NA,NA,NA,NA,2
207,NA,NA,0.534789348492869,0.825779928197472,0.935684263658143,0.796031614030914,NA,NA,NA,NA,NA,NA,NA,NA,NA,2
211,NA,NA,NA,NA,0.278866775952644,0.232141595075259,0.114465292909708,0.0965382482394084,0.124632643971339,NA,NA,NA,NA,NA,NA,2
213,NA,NA,0.511817217002979,0.58400740353048,0.731142485346749,0.818935015182983,0.336829432002364,0.304212388916244,0.336387853625915,0.147276973672149,0.0208472155532407,0.0436146104202149,0.0759328983383135,NA,NA,2
217,NA,NA,0.138310611432762,0.136806786747429,0.120974972690802,0.184975308311019,0.163280887899626,0.0209036060247555,0.0167654342708901,0.083577195110775,0.0272649467666843,0.0250716128280347,0.0243711546304811,NA,NA,2
220,NA,NA,0.450632546510828,0.564962027211674,0.564962027211674,0.392784482063617,0.239685886241139,0.228570005074148,0.235364601878754,0.0532215517424738,0.00900303043581857,0.0179706283538538,0.0542160735587117,NA,NA,2
224,NA,NA,0.233566869360142,0.173885165896838,0.163065084700808,0.078305718078396,0.0788515906256194,0.0547126445350358,0.0381337313261306,0.0106859242668592,0.00632477568690928,0.0258356901864347,0.00201517141238644,NA,NA,2
226,NA,NA,0.22521821682511,0.219637158695482,0.219637158695482,0.198191024436301,0.270194167389777,0.285222919913413,0.297511402149058,0.236605868881882,0.236605868881882,0.236605868881882,NA,NA,NA,2
229,NA,NA,0.389139445772536,0.389139445772536,0.389139445772536,0.362444677478187,0.34601206390247,0.329274081614258,0.402403263944656,0.123840729726563,0.0106795300333263,0.0521132475269548,0.00257409561379132,NA,NA,2
231,NA,NA,0.598891069670002,0.721699971751226,0.721699971751226,0.686082090857239,0.534721630883195,0.518739477602352,0.491601370688494,0.491601370688494,0.310968167923785,0.244650591719568,0.205622575201886,NA,NA,2
232,NA,NA,0.675838431479727,0.73417624472707,0.73417624472707,NA,NA,NA,NA,NA,NA,NA,NA,NA,NA,2
255,NA,NA,0.54671339781144,0.558555469462699,0.558555469462699,0.537174754586172,0.669512398585458,0.731470764778682,0.632317104817837,NA,NA,NA,NA,NA,NA,2
256,NA,NA,0.536510839811061,0.536510839811061,0.732928341854565,0.764681108894917,0.572445166291958,0.138723232568967,NA,NA,NA,NA,NA,NA,NA,2
282,NA,NA,0.288260546659328,0.186136834331676,0.125216178310589,NA,NA,NA,NA,NA,NA,NA,NA,NA,NA,2
283,NA,NA,0.674209663604894,0.674209663604894,NA,NA,NA,NA,NA,NA,NA,NA,NA,NA,NA,2
284,NA,NA,0.329088420568551,0.267114184504258,0.156507367428111,NA,NA,NA,NA,NA,NA,NA,NA,NA,NA,2
285,NA,NA,0.335973954968226,0.311717248521693,NA,NA,NA,NA,NA,NA,NA,NA,NA,NA,NA,2
286,NA,NA,0.720453340512817,NA,NA,NA,NA,NA,NA,NA,NA,NA,NA,NA,NA,2
287,NA,NA,0.333150559570547,0.333150559570547,0.591817005242349,0.733165015385704,0.260394926015497,0.211445904086619,0.211445904086619,0.211445904086619,0.211445904086619,NA,NA,NA,NA,2
303,NA,NA,0.491587247252637,NA,NA,NA,NA,NA,NA,NA,NA,NA,NA,NA,NA,2
304,NA,NA,0.40160496413364,NA,NA,NA,NA,NA,NA,NA,NA,NA,NA,NA,NA,2
305,NA,NA,0.356863542589962,NA,NA,NA,NA,NA,NA,NA,NA,NA,NA,NA,NA,2
306,NA,NA,0.420928946581658,NA,NA,NA,NA,NA,NA,NA,NA,NA,NA,NA,NA,2
319,NA,NA,0.190203575460049,0.101961496446637,0.0540241027260492,0.00438290829716716,NA,NA,NA,NA,NA,NA,NA,NA,NA,2
321,NA,NA,0.293655557685481,0.201992411922659,0.201992411922659,0.220588413175759,0.0378087585332695,0.0569850345471907,0.0127642966084326,0.00632483898268754,0.00496564732961636,0.134167977635255,0.00062645995864201,NA,NA,2
323,NA,NA,0.499259987369731,0.53395942309861,0.268017657599107,0.268017657599107,0.268017657599107,0.268017657599107,0.268017657599107,NA,NA,NA,NA,NA,NA,2
324,NA,NA,NA,NA,0.423771363249737,0.140308918114127,0.0323711519811452,NA,NA,NA,NA,NA,NA,NA,NA,2
325,NA,NA,0.601291935672965,0.617959049834592,0.467578456201911,0.159210750400915,0.0139287722084614,0.00188519412735548,0.00148367085232455,0.000168181136068291,NA,NA,NA,NA,NA,2
326,NA,NA,NA,0.397343975570296,0.344022230265154,0.299524913845059,0.225227160731082,0.161710765835294,0.091471473759441,0.0475971795664398,0.00743611611716507,0.0516108372860246,0.000614092385621456,NA,NA,2
328,NA,NA,0.495741612068976,0.400866929743035,0.320311108019945,0.320311108019945,0.320311108019945,0.32191048248893,0.447124078582898,0.447124078582898,0.414910204027441,0.163028799465857,0.0177217463378109,0.0115091221271499,NA,2
331,NA,NA,0.491956875289399,0.317748080329227,0.207542393059031,0.121717068772617,0.290175498334336,NA,NA,NA,NA,NA,NA,NA,NA,2
335,NA,NA,0.657981169088178,0.808255645367876,0.656461327975176,0.643890422810366,0.854323444377682,NA,NA,NA,NA,NA,NA,NA,NA,2
339,NA,NA,NA,0.536623883700864,NA,NA,NA,NA,NA,NA,NA,NA,NA,NA,NA,2
340,NA,NA,NA,NA,NA,NA,NA,NA,NA,NA,NA,NA,NA,NA,NA,2
343,NA,NA,NA,0.597410735503263,0.597410735503263,0.622394391900321,0.401771558433397,0.37506642130148,0.421829660660572,0.65376973949677,0.65376973949677,0.291497217661127,0.163460840594322,0.000296449780624221,0.00114957148883195,2
344,NA,NA,NA,0.147139536631836,0.190888588743017,0.227529628814278,0.45955756652732,NA,NA,NA,NA,NA,NA,NA,NA,2
345,NA,NA,NA,0.509593212266352,0.509593212266352,0.59538228693595,0.46650980446581,0.406757630440955,0.435113604114976,1.111674269655,1.111674269655,0.170001380737354,0.00261199288605384,NA,NA,2
346,NA,NA,NA,0.492200449085895,0.500337777027399,0.425296323115629,0.154263399094667,0.121592319716517,0.68799606359912,0.380516711668464,0.491989892405778,NA,NA,NA,NA,2
347,NA,NA,NA,0.519130314467619,0.519130314467619,0.530403164728345,0.369519567111026,0.326653377655577,0.385291383421851,0.321987440353696,0.193366519864683,0.112171847353074,0.00192068377354708,NA,NA,2
348,NA,NA,NA,0.580538353545959,0.531665625597211,0.59267058181084,0.473419861803352,0.365214267389537,NA,NA,NA,NA,NA,NA,NA,2
349,NA,NA,NA,0.725480683179619,0.77713385793351,0.82995391249702,0.762173976186438,0.553384823035178,0.408939062129437,0.385158280429373,0.266482099840378,0.620798507209743,NA,NA,NA,2
352,NA,NA,NA,NA,NA,0.444326862921513,0.18485647489317,0.726123416462509,0.302944934615244,0.185807133788211,0.0781661544687687,0.0477562655747626,0.345186641915759,NA,NA,2
354,NA,NA,NA,0.300021806526348,0.0854759637453289,0.0704323989733642,0.0234567386822656,0.00674394422663254,0.0281636098438861,0.000853523129388496,NA,NA,NA,NA,NA,2
355,NA,NA,NA,0.560002607700673,0.560002607700673,0.693452612694737,1.10292643737876,1.07131007145646,0.972975408654436,0.972975408654436,0.973959289321985,1.31289158298196,1.58023083234689,NA,NA,2
356,NA,NA,NA,0.603166433278555,NA,NA,NA,NA,NA,NA,NA,NA,NA,NA,NA,2
357,NA,NA,NA,0.479024317548058,0.479024317548058,0.712292182267348,1.3126499405884,1.15112771721706,0.816404627332793,1.29213613093842,NA,NA,NA,NA,NA,2
358,NA,NA,NA,0.662317845883502,0.662317845883502,0.769581483522658,0.519360322669355,0.410698080005568,0.335024414253567,0.383776457683433,0.125005959941176,0.0418653557116185,0.00427818004575153,NA,NA,2
359,NA,NA,NA,0.388339167797396,0.237864586426247,0.105482450537713,0.0203229734475282,0.0239713497341671,0.0256584857151742,0.0217964032541612,0.0120123510563895,0.00634262827911534,0.0116528739945357,NA,NA,2
360,NA,NA,NA,0.682583761372755,0.645405801316382,0.473887834414427,0.262435706118495,0.327736125747337,0.3273826417025,0.140685089543776,0.090296577054119,0.119274254403647,0.11636611402622,0.000297886487319082,0.00311523466290118,2
361,NA,NA,NA,0.262076529453943,0.262076529453943,0.192586746454024,0.195804397005833,0.219338863330242,0.332019536998483,0.514391301620935,NA,NA,NA,NA,NA,2
364,NA,NA,NA,0.352306783753489,0.00839124883912359,4.54488414244531e-15,NA,NA,NA,NA,NA,NA,NA,NA,NA,2
365,NA,NA,NA,1.14663827329248,0.767022854829875,0.101756848301214,0.0113983503195867,NA,NA,NA,NA,NA,NA,NA,NA,2
367,NA,NA,NA,NA,NA,NA,NA,NA,NA,NA,NA,NA,NA,NA,NA,2
368,NA,NA,NA,NA,NA,NA,NA,NA,NA,NA,NA,NA,NA,NA,NA,2
372,NA,NA,NA,0.438386886033726,0.263531545285126,0.111294363632359,0.0742598531848377,0.0906001991132945,0.0641923978469768,0.00548925724032209,0.000247946548371288,0.000580011508303582,NA,NA,NA,2
373,NA,NA,NA,0.36938500510767,0.497058094748256,0.65930428857848,0.165491002895778,0.0619952809404121,NA,NA,NA,NA,NA,NA,NA,2
374,NA,NA,NA,0.778229434500445,1.28689743762903,0.457330612610056,0.306956149735356,0.366729820116641,0.30510115071077,0.164170621195438,0.0257283768433367,0.00811483693994961,NA,NA,NA,2
376,NA,NA,NA,0.483886519783077,0.380552943773973,0.115741230999339,0.284534126355159,0.0794360019223088,0.0594037228445155,0.00043317814241674,0.00234925972289585,0.0181283313770382,0.00122485054439426,NA,NA,2
378,NA,NA,NA,NA,NA,NA,NA,NA,NA,NA,NA,NA,NA,NA,NA,2
379,NA,NA,NA,NA,NA,0.603934208156058,0.442059031640954,0.288872463579774,0.210841186390635,0.227165591535623,0.198415953145774,0.199891444469993,0.212739356959013,NA,NA,2
380,NA,NA,NA,NA,NA,NA,NA,NA,NA,NA,NA,NA,NA,NA,NA,2
381,NA,NA,NA,NA,NA,NA,NA,NA,NA,NA,NA,NA,NA,NA,NA,2
383,NA,NA,NA,0.975509115458774,0.556289561288017,NA,NA,NA,NA,NA,NA,NA,NA,NA,NA,2
384,NA,NA,NA,NA,NA,0.616982639321044,0.702870777417891,0.290575647914543,0.113355845275095,0.097034579542417,0.072164409345012,0.010013265776161,0.00046856396177609,NA,NA,2
385,NA,NA,NA,0.414885439403606,0.209766353858921,0.183106329641992,0.531857104510033,0.517981525740213,0.4477042462591,0.605878556434055,NA,NA,NA,NA,NA,2
386,NA,NA,NA,0.491362656147718,0.301394344164955,0.0664713752199673,0.0133299575087318,0.0174421225724641,0.0356587287443096,0.0209322775419335,0.00431668027001881,0.0014944905834519,0.0015519193852829,NA,NA,2
388,NA,NA,NA,0.249807211991824,0.246853015927701,0.240834925950221,0.141341795907336,0.0812959135990739,NA,NA,NA,NA,NA,NA,NA,2
389,NA,NA,NA,NA,0.000950278273124167,0.00168623016737425,0.0840253916847859,0.057361370538093,0.00534496751374039,0.000439703786281716,NA,NA,NA,NA,NA,2
390,NA,NA,NA,NA,0.510867708617666,NA,NA,NA,NA,NA,NA,NA,NA,NA,NA,2
391,NA,NA,NA,NA,NA,0.526506143147638,0.0678042963535592,0.0678042963535592,0.0678042963535592,0.0678042963535592,0.0678042963535592,0.0678042963535592,0.0678042963535592,0.0678042963535592,0.0678042963535592,2
394,NA,NA,NA,NA,NA,0.544633481331637,NA,NA,NA,NA,NA,NA,NA,NA,NA,2
395,NA,NA,NA,NA,NA,0.338990606199409,0.105448648588206,NA,NA,NA,NA,NA,NA,NA,NA,2
396,NA,NA,NA,0.38615141941124,0.194437776779533,0.00996481198647963,NA,NA,NA,NA,NA,NA,NA,NA,NA,2
397,NA,NA,NA,0.498810660070191,0.0398919201591605,NA,NA,NA,NA,NA,NA,NA,NA,NA,NA,2
398,NA,NA,NA,0.490814088564468,0.458673273586845,0.335908421708859,0.321941747511104,0.100055606203599,0.0363905964513068,0.0149907938960561,NA,NA,NA,NA,NA,2
401,NA,NA,NA,0.473248351312237,0.253231459871023,0.133795790859163,0.218813815915422,0.145297278720929,0.180754508948854,0.0158282962594493,NA,NA,NA,NA,NA,2
403,NA,NA,NA,NA,0.5,0.628196422781378,1.13302468907798,1.11671390363988,1.19452414802065,1.19452414802065,1.69084303614745,1.43684892662213,1.1710580206629,1.19104494485245,1.62923807091541,2
404,NA,NA,NA,0.471751186543131,0.471751186543131,0.328524931427547,0.071334205226585,0.167526341698599,0.21713948483199,0.21713948483199,0.21713948483199,0.176854106705759,0.11276675438419,0.11276675438419,0.000511740833532823,2
405,NA,NA,NA,0.497134566899349,0.299414660074188,0.241460117731342,0.269974711936931,0.006975067813878,0.0885984320468834,0.0679271779442952,0.0666450942472148,0.106433426387653,NA,NA,NA,2
407,NA,NA,NA,NA,0.692871970564335,0.749582273481713,0.796989507687987,NA,NA,NA,NA,NA,NA,NA,NA,2
408,NA,NA,NA,0.501162285331334,0.819837859161043,0.324028693464153,0.0925633833777408,NA,NA,NA,NA,NA,NA,NA,NA,2
410,NA,NA,NA,0.500122934476904,0.47961096384526,0.436305634610883,0.148296699210469,0.112525465595419,0.123351935190133,0.0330656052043996,0.00225671561430142,0.000814024987754438,NA,NA,NA,2
415,NA,NA,NA,0.314484337803563,0.314484337803563,NA,NA,NA,NA,NA,NA,NA,NA,NA,NA,2
416,NA,NA,NA,0.487747779971745,0.434076949267,0.313904989153325,0.0937910976248143,0.0588794210413752,0.0152367081998485,0.0152367081998485,0.000903655764861795,0.0660776374932651,0.000656264560573108,NA,NA,2
417,NA,NA,NA,NA,0.499599693857901,0.510750889821917,0.175999947812158,0.227771415119178,0.317070677840475,0.317070677840475,0.236783736729201,0.099298649679077,1.60710578887362,NA,NA,2
418,NA,NA,NA,0.491240051849698,0.147327020278962,0.0236221828011963,0.0418650076746885,0.0239964359036547,0.0766565667271391,0.010133105979076,0.00337425236926277,0.00513379608396215,0.00090272146234884,NA,NA,2
419,NA,NA,NA,0.508589852547039,0.508589852547039,0.326559479175207,0.27808212952516,0.176563548418083,0.0505026073294177,0.0180541660444684,0.0129359544346873,0.0529273174221289,0.00168837576893849,NA,NA,2
420,NA,NA,NA,0.493693582104135,0.493693582104135,0.52130910999191,0.906501486764909,0.778205590868684,0.640197473925829,0.640197473925829,0.760683095516148,0.861257996460967,0.440492747361833,0.0407934055641976,0.0070452317095381,2
422,NA,NA,NA,0.50252136410569,0.520185476478021,0.448642179003663,0.320392978340163,0.291803246339955,0.389558068503794,0.389558068503794,0.270894843480092,0.45598925191529,0.138070866754246,NA,NA,2
423,NA,NA,NA,0.497016940076144,0.216720106099244,0.0897242312572138,0.333806571840182,NA,NA,NA,NA,NA,NA,NA,NA,2
425,NA,NA,NA,NA,NA,0.487384003658034,0.570181558842902,0.312179443470204,0.514001816751256,0.430101639917205,NA,NA,NA,NA,NA,2
428,NA,NA,NA,NA,0.410107039650264,0.34421149235863,0.183081952307636,0.0934686312503191,0.0531612911871117,0.0153741128218261,0.0153741128218261,0.00187823701374817,0.000820900441639963,NA,NA,2
429,NA,NA,NA,0.421521371479292,0.0740927719449423,NA,NA,NA,NA,NA,NA,NA,NA,NA,NA,2
430,NA,NA,NA,0.246375518370649,0.246375518370649,0.251344998482665,0.348761724610427,NA,NA,NA,NA,NA,NA,NA,NA,2
432,NA,NA,NA,0.656688144252596,0.570898952987862,0.584373460826589,0.324920538116687,NA,NA,NA,NA,NA,NA,NA,NA,2
433,NA,NA,NA,0.601500197675496,0.601500197675496,0.592841706774024,0.568199412541516,NA,NA,NA,NA,NA,NA,NA,NA,2
434,NA,NA,NA,0.48454600610563,0.212779471146099,0.00646509238632149,0.00461999268829414,NA,NA,NA,NA,NA,NA,NA,NA,2
438,NA,NA,NA,NA,NA,0.48399826765053,0.569024540805218,0.627463198952848,0.677352415061574,0.684476453661489,NA,NA,NA,NA,NA,2
444,NA,NA,NA,0.441160052067849,0.325575764140046,0.0857526678180723,NA,NA,NA,NA,NA,NA,NA,NA,NA,2
445,NA,NA,NA,0.499887986614426,0.351489275194609,0.158803518334875,0.338237643825222,0.217795718272021,0.143895102474451,0.143895102474451,0.143895102474451,0.103849149489482,0.0790346178425892,0.000774261901823161,NA,2
447,NA,NA,NA,NA,NA,0.49119264781477,0.288064092991639,0.250750752602286,0.22618469055489,0.22618469055489,0.179559350097678,0.141567706201393,0.156538108862382,0.312485298591048,NA,2
451,NA,NA,NA,NA,0.488375694328735,0.471087185681504,0.40958125991409,0.243818989906552,0.0582453134752892,0.109987076528454,0.0590108076383036,0.198828876616636,0.00224554083487831,NA,NA,2
452,NA,NA,NA,0.500108544298553,0.351049187401716,0.224320013357596,0.114260408374361,0.151502340248248,0.128520674336507,0.128520674336507,0.11438242720482,0.19300713109771,0.238012246367805,0.508487622227936,NA,2
457,NA,NA,NA,NA,NA,0.0204934292539682,0.04231539320593,0.0521206673514386,NA,NA,NA,NA,NA,NA,NA,2
458,NA,NA,NA,NA,NA,0.00932532549809064,0.00579706169018333,0.00803546270977037,NA,NA,NA,NA,NA,NA,NA,2
459,NA,NA,NA,NA,0.455194156188332,0.201364972704814,0.054459811184199,0.070728956521811,0.086244787627218,0.0555797366324781,0.0223993122718986,0.0101617100619296,0.0382585111071052,NA,NA,2
460,NA,NA,NA,NA,0.53899176433726,0.531301568325814,0.175954697270653,0.172997475625665,0.0673587135122208,NA,NA,NA,NA,NA,NA,2
461,NA,NA,NA,NA,0.184589659996534,0.119673843426764,0.0966561288602448,0.0178163481249417,0.00196584355474233,NA,NA,NA,NA,NA,NA,2
462,NA,NA,NA,NA,0.770547011215366,1.06125234122123,0.324405166664208,0.262513737805732,0.105230737042601,NA,NA,NA,NA,NA,NA,2
464,NA,NA,NA,NA,0.117161091851802,0.00621962818337875,0.00474722521779028,NA,NA,NA,NA,NA,NA,NA,NA,2
465,NA,NA,NA,NA,NA,0.423149621868314,0.433002455566034,0.151497058322185,0.0107110926465339,0.0107110926465339,0.0107110926465339,0.00229842831028416,NA,NA,NA,2
466,NA,NA,NA,NA,0.578080537115431,0.273638173706236,0.105914201562324,0.0714107304701376,0.0425255236143978,0.0335216638160969,0.0400492288682453,0.0331468577564545,0.00172792428415849,NA,NA,2
467,NA,NA,NA,NA,0.412036849714371,0.303845755732908,0.0866571017922085,0.0336872892577905,0.0149749972345807,0.00622080846949311,0.000674433185608678,6.56313260214448e-05,0.000100604268307751,NA,NA,2
468,NA,NA,NA,NA,0.443741603433638,0.514745862480239,0.408547295993745,0.462399618183146,0.0989906855711755,0.060500179011922,0.0167044732185835,0.0751101993982634,0.000592525774365009,NA,NA,2
469,NA,NA,NA,NA,0.460113944914955,0.549393944473919,0.307031703913451,0.262339711985007,0.109174840563645,0.0670151917757904,0.0670151917757904,0.336744972071775,0.254598446352307,NA,NA,2
470,NA,NA,NA,NA,NA,0.033680466288418,0.0455070809136818,0.0520355480980388,NA,NA,NA,NA,NA,NA,NA,2
471,NA,NA,NA,NA,NA,0.00198783994956545,0.00241491172335968,0.0044675733634205,NA,NA,NA,NA,NA,NA,NA,2
472,NA,NA,NA,NA,NA,0.000926807080892203,0.00486414651832776,0.00138558847102745,NA,NA,NA,NA,NA,NA,NA,2
473,NA,NA,NA,NA,NA,0.00730478410986425,0.00437795919038593,0.0184698378562696,NA,NA,NA,NA,NA,NA,NA,2
474,NA,NA,NA,NA,NA,0.00271857273559108,0.00369232584168068,7.85973236782105e-05,NA,NA,NA,NA,NA,NA,NA,2
475,NA,NA,NA,NA,NA,0.000164876238201059,0.00930003582457187,0.000159773009611488,NA,NA,NA,NA,NA,NA,NA,2
476,NA,NA,NA,NA,NA,0.0375535631823354,0.0525761344459152,0.106125970344664,NA,NA,NA,NA,NA,NA,NA,2
477,NA,NA,NA,NA,NA,0.000644729486867565,0.00345988139139872,5.04720121705695e-05,NA,NA,NA,NA,NA,NA,NA,2
478,NA,NA,NA,NA,NA,0.0538528185965768,0.0352120325869096,0.0442930881299548,NA,NA,NA,NA,NA,NA,NA,2
479,NA,NA,NA,NA,NA,0.00339647205618446,0.00737751196093946,0.000804496139638371,NA,NA,NA,NA,NA,NA,NA,2
480,NA,NA,NA,NA,NA,0.0521834488546528,0.0761177387259215,0.109517840425155,NA,NA,NA,NA,NA,NA,NA,2
481,NA,NA,NA,NA,NA,0.00885973233683185,0.0244313437339697,0.0034635064961542,NA,NA,NA,NA,NA,NA,NA,2
482,NA,NA,NA,NA,NA,0.000938670883705754,0.00442235586670171,0.00234441022266384,NA,NA,NA,NA,NA,NA,NA,2
485,NA,NA,NA,NA,NA,0.00373068116343885,0.00127634771726883,0.001955992282131,NA,NA,NA,NA,NA,NA,NA,2
486,NA,NA,NA,NA,NA,0.0065504310080435,0.00708638224176098,0.00395142025098756,NA,NA,NA,NA,NA,NA,NA,2
487,NA,NA,NA,NA,NA,0.00677140786469555,0.00929803511160911,0.0119190328283481,NA,NA,NA,NA,NA,NA,NA,2
488,NA,NA,NA,NA,NA,0.00403782681262559,0.00150219422392636,0.00380463591115127,NA,NA,NA,NA,NA,NA,NA,2
489,NA,NA,NA,NA,NA,0.00145315403677069,0.00532437380445047,0.00457926674731584,NA,NA,NA,NA,NA,NA,NA,2
490,NA,NA,NA,NA,NA,0.015523756176528,0.0265047125335672,0.0375518516483331,NA,NA,NA,NA,NA,NA,NA,2
491,NA,NA,NA,NA,NA,0.0249821018119118,0.0116277265742027,0.0295874668348048,NA,NA,NA,NA,NA,NA,NA,2
492,NA,NA,NA,NA,NA,0.129550479356056,0.151148034001233,0.194225576349447,NA,NA,NA,NA,NA,NA,NA,2
493,NA,NA,NA,NA,NA,0.000485386256323831,0.00248838169981317,0.00116248755050455,NA,NA,NA,NA,NA,NA,NA,2
494,NA,NA,NA,NA,NA,0.0595979605951881,0.0625755089649783,0.0616126699686912,NA,NA,NA,NA,NA,NA,NA,2
495,NA,NA,NA,NA,NA,0.0153826881961231,0.00507517431199725,0.0169576469417619,NA,NA,NA,NA,NA,NA,NA,2
496,NA,NA,NA,NA,NA,0.231625042033407,NA,NA,NA,NA,NA,NA,NA,NA,NA,2
497,NA,NA,NA,NA,NA,0.0457732166353908,0.028068963081437,0.0440832083605288,NA,NA,NA,NA,NA,NA,NA,2
498,NA,NA,NA,NA,NA,0.00359805577917393,0.00186589918990708,0.0113900962376999,NA,NA,NA,NA,NA,NA,NA,2
499,NA,NA,NA,NA,NA,0.0347550891310576,0.043132706271393,0.0567089958769418,NA,NA,NA,NA,NA,NA,NA,2
500,NA,NA,NA,NA,NA,0.099984436446348,0.118398220183513,0.153364899089926,NA,NA,NA,NA,NA,NA,NA,2
501,NA,NA,NA,NA,NA,0.0359546583806233,0.0383771457698699,0.0586207578741665,NA,NA,NA,NA,NA,NA,NA,2
502,NA,NA,NA,NA,NA,0.0978934404607849,0.104878611225233,0.136416341846337,NA,NA,NA,NA,NA,NA,NA,2
503,NA,NA,NA,NA,NA,0.00900075904395799,0.0157520351811681,0.00757568081623084,NA,NA,NA,NA,NA,NA,NA,2
504,NA,NA,NA,NA,NA,0.0112707040926735,0.0182317675964146,0.0228824544162329,NA,NA,NA,NA,NA,NA,NA,2
505,NA,NA,NA,NA,NA,0.00375369133683443,0.00321212450664163,0.0205123182574865,NA,NA,NA,NA,NA,NA,NA,2
506,NA,NA,NA,NA,0.19219908857179,0.148672381715545,0.103198990624751,0.0832343495877935,0.102227938086497,0.115082726252775,NA,NA,NA,NA,NA,2
507,NA,NA,NA,NA,0.698490870731317,0.662321064986372,0.515117185672121,0.704270816716387,NA,NA,NA,NA,NA,NA,NA,2
509,NA,NA,NA,NA,0.484194753632092,0.38630209897113,0.238548966271639,0.182142704733391,NA,NA,NA,NA,NA,NA,NA,2
510,NA,NA,NA,NA,0.495787246800897,NA,NA,NA,NA,NA,NA,NA,NA,NA,NA,2
511,NA,NA,NA,NA,0.515667980057754,0.451226854485383,0.134810031206579,0.114360348723654,0.0565074807881055,0.0472621919802567,0.0208085737135336,0.0339810140868164,NA,NA,NA,2
512,NA,NA,NA,NA,NA,0.00209465482196408,0.00202145528799008,0.0109757432496019,NA,NA,NA,NA,NA,NA,NA,2
513,NA,NA,NA,NA,NA,0.000526714125777698,0.00209730808426488,0.000590311298880489,NA,NA,NA,NA,NA,NA,NA,2
514,NA,NA,NA,NA,NA,0.0182621223887696,0.0455505844711191,0.0422953370305889,NA,NA,NA,NA,NA,NA,NA,2
515,NA,NA,NA,NA,NA,0.000858967157942536,0.0041551561828916,0.000230769659690461,NA,NA,NA,NA,NA,NA,NA,2
516,NA,NA,NA,NA,NA,0.00265574524384282,0.0120026803894901,0.00474662455832586,NA,NA,NA,NA,NA,NA,NA,2
517,NA,NA,NA,NA,NA,0.127316752101591,0.146679926832781,0.169773303930022,NA,NA,NA,NA,NA,NA,NA,2
518,NA,NA,NA,NA,NA,0.0083873049005178,0.0205443323016926,0.0667103937114807,NA,NA,NA,NA,NA,NA,NA,2
519,NA,NA,NA,NA,NA,0.0159767673056733,0.0126013519751071,0.0399519762593416,NA,NA,NA,NA,NA,NA,NA,2
520,NA,NA,NA,NA,NA,0.00728823700897424,0.0248230425511063,0.0103887122100113,NA,NA,NA,NA,NA,NA,NA,2
521,NA,NA,NA,NA,NA,0.00687319261659357,0.018441015726036,0.00722403272751312,NA,NA,NA,NA,NA,NA,NA,2
522,NA,NA,NA,NA,NA,0.000583379843346935,0.00443973820947278,0.00429040903968951,NA,NA,NA,NA,NA,NA,NA,2
523,NA,NA,NA,NA,NA,0.0188710102954547,0.00946203007360297,0.0344515094057598,NA,NA,NA,NA,NA,NA,NA,2
524,NA,NA,NA,NA,NA,0.000869779378860936,0.00380004521935395,0.00254240968414902,NA,NA,NA,NA,NA,NA,NA,2
525,NA,NA,NA,NA,NA,0.00619567432512771,0.00204979607142545,0.00267215034283016,NA,NA,NA,NA,NA,NA,NA,2
526,NA,NA,NA,NA,NA,0.00757094235413675,0.016097249077392,0.0255018223542709,NA,NA,NA,NA,NA,NA,NA,2
527,NA,NA,NA,NA,NA,0.0311905613673395,0.0466226116244478,0.0884345629646253,NA,NA,NA,NA,NA,NA,NA,2
528,NA,NA,NA,NA,NA,0.000417806612030677,0.00515803581116547,0.00426229101721005,NA,NA,NA,NA,NA,NA,NA,2
536,NA,NA,NA,NA,0.327951249298732,0.0156856364608469,NA,NA,NA,NA,NA,NA,NA,NA,NA,2
537,NA,NA,NA,NA,NA,0.19134692907934,0.0025019717247681,NA,NA,NA,NA,NA,NA,NA,NA,2
538,NA,NA,NA,NA,0.616902334266629,0.0971207046346841,0.00968668541818185,NA,NA,NA,NA,NA,NA,NA,NA,2
539,NA,NA,NA,NA,0.583603587625605,0.21700641550992,0.0212766123613884,NA,NA,NA,NA,NA,NA,NA,NA,2
542,NA,NA,NA,NA,NA,0.467333892582808,0.267554415481377,0.464175772609845,NA,NA,NA,NA,NA,NA,NA,2
543,NA,NA,NA,NA,NA,0.151472296708086,0.161409234162704,0.164587069733353,NA,NA,NA,NA,NA,NA,NA,2
544,NA,NA,NA,NA,NA,0.269883299283683,0.376577355096617,0.262639888572162,NA,NA,NA,NA,NA,NA,NA,2
545,NA,NA,NA,NA,0.382300209165488,0.642641665685861,0.449561411299705,0.812724507519345,NA,NA,NA,NA,NA,NA,NA,2
546,NA,NA,NA,NA,NA,NA,NA,NA,NA,NA,NA,NA,NA,NA,NA,2
554,NA,NA,NA,NA,0.587351635964019,0.468644616208974,0.277243247260977,0.185422733035737,0.14954202028197,0.0189126175477646,0.00431626621118786,0.000768786386630974,0.00179611833999035,NA,NA,2
563,NA,NA,NA,NA,0.496296196709165,0.0733454963228549,0.0143075901066903,NA,NA,NA,NA,NA,NA,NA,NA,2
564,NA,NA,NA,NA,0.635255400216643,0.55882838532005,NA,NA,NA,NA,NA,NA,NA,NA,NA,2
569,NA,NA,NA,NA,NA,0.00876100081264029,NA,NA,NA,NA,NA,NA,NA,NA,NA,2
572,NA,NA,NA,NA,NA,0.207385764289309,NA,NA,NA,NA,NA,NA,NA,NA,NA,2
573,NA,NA,NA,NA,NA,0.0104365499780076,NA,NA,NA,NA,NA,NA,NA,NA,NA,2
575,NA,NA,NA,NA,NA,0.119040817760835,NA,NA,NA,NA,NA,NA,NA,NA,NA,2
576,NA,NA,NA,NA,0.609563311725221,0.301882232604269,NA,NA,NA,NA,NA,NA,NA,NA,NA,2
578,NA,NA,NA,NA,0.506862703774431,0.904023913674133,NA,NA,NA,NA,NA,NA,NA,NA,NA,2
580,NA,NA,NA,NA,0.496442949121879,0.226933712506343,0.392028903609044,0.151970590185067,0.128066364309521,0.0542067044690391,0.0166307735039136,0.0199913407401565,0.037428840173547,NA,NA,2
583,NA,NA,NA,NA,0.493651172728732,0.0832603930658052,0.0651477443130333,0.138119909697987,0.115431117851001,0.0730469480404469,0.0269601734830957,0.0299601889731193,0.000228541369166847,NA,NA,2
585,NA,NA,NA,NA,0.494707220178841,0.113394487183107,0.0550755785563413,0.0039396811517642,NA,NA,NA,NA,NA,NA,NA,2
589,NA,NA,NA,NA,0.927966591721807,NA,NA,NA,NA,NA,NA,NA,NA,NA,NA,2
590,NA,NA,NA,NA,0.00463945593629142,0.00418652072417854,NA,NA,NA,NA,NA,NA,NA,NA,NA,2
592,NA,NA,NA,NA,NA,0.00208852157693153,NA,NA,NA,NA,NA,NA,NA,NA,NA,2
593,NA,NA,NA,NA,0.116372112397729,0.0383807514574555,NA,NA,NA,NA,NA,NA,NA,NA,NA,2
594,NA,NA,NA,NA,NA,0.00497625477478986,NA,NA,NA,NA,NA,NA,NA,NA,NA,2
595,NA,NA,NA,NA,NA,0.23696398540523,NA,NA,NA,NA,NA,NA,NA,NA,NA,2
596,NA,NA,NA,NA,0.0252497725566888,0.00584424910182214,NA,NA,NA,NA,NA,NA,NA,NA,NA,2
597,NA,NA,NA,NA,NA,0.372970649141546,NA,NA,NA,NA,NA,NA,NA,NA,NA,2
598,NA,NA,NA,NA,0.0887575370497661,0.134442710374093,NA,NA,NA,NA,NA,NA,NA,NA,NA,2
600,NA,NA,NA,NA,NA,0.0104443758022976,NA,NA,NA,NA,NA,NA,NA,NA,NA,2
601,NA,NA,NA,NA,NA,0.0990926952221795,NA,NA,NA,NA,NA,NA,NA,NA,NA,2
603,NA,NA,NA,NA,NA,0.0917904758692014,NA,NA,NA,NA,NA,NA,NA,NA,NA,2
604,NA,NA,NA,NA,NA,0.0169000174655903,NA,NA,NA,NA,NA,NA,NA,NA,NA,2
605,NA,NA,NA,NA,NA,0.00438331382590632,NA,NA,NA,NA,NA,NA,NA,NA,NA,2
606,NA,NA,NA,NA,NA,0.0595130186034962,NA,NA,NA,NA,NA,NA,NA,NA,NA,2
611,NA,NA,NA,NA,NA,0.367363987612224,NA,NA,NA,NA,NA,NA,NA,NA,NA,2
612,NA,NA,NA,NA,NA,0.895243087208274,NA,NA,NA,NA,NA,NA,NA,NA,NA,2
613,NA,NA,NA,NA,NA,0.221433132621147,NA,NA,NA,NA,NA,NA,NA,NA,NA,2
614,NA,NA,NA,NA,NA,NA,NA,NA,NA,NA,NA,NA,NA,NA,NA,2
615,NA,NA,NA,NA,NA,0.223186797184313,NA,NA,NA,NA,NA,NA,NA,NA,NA,2
617,NA,NA,NA,NA,NA,1.12807105606882,NA,NA,NA,NA,NA,NA,NA,NA,NA,2
621,NA,NA,NA,NA,NA,0.364357816420853,0.291219106967108,NA,NA,NA,NA,NA,NA,NA,NA,2
624,NA,NA,NA,NA,NA,0.555937292012862,0.295207764567019,0.356176537057471,0.32169085437809,0.165860875233439,0.142624665109411,0.0661436452557919,0.016169103774091,NA,NA,2
625,NA,NA,NA,NA,NA,0.241735734426438,0.0725997150829967,0.0661384766570516,0.133695111810687,0.104246579239158,0.0800008569682523,0.0150755295515342,0.000688015383967606,NA,NA,2
626,NA,NA,NA,NA,NA,0.793128721399037,NA,NA,NA,NA,NA,NA,NA,NA,NA,2
627,NA,NA,NA,NA,NA,0.943936927962621,NA,NA,NA,NA,NA,NA,NA,NA,NA,2
628,NA,NA,NA,NA,NA,0.422453961638888,0.354756562236692,0.396562477852005,0.480937809628343,0.480937809628343,0.480937809628343,0.521862019677319,0.266421685203586,NA,NA,2
630,NA,NA,NA,NA,NA,0.403503432370064,NA,NA,NA,NA,NA,NA,NA,NA,NA,2
635,NA,NA,NA,NA,NA,0.305786656466351,0.119012143113491,0.0847916638359512,0.0466236579040088,0.0353295561481501,0.0452493745939514,0.0269618363581878,0.00261087533895497,NA,NA,2
642,NA,NA,NA,NA,NA,0.585588093890026,NA,NA,NA,NA,NA,NA,NA,NA,NA,2
643,NA,NA,NA,NA,NA,0.576603269718719,0.330673519216625,NA,NA,NA,NA,NA,NA,NA,NA,2
645,NA,NA,NA,NA,NA,0.949414135766944,1.01093615236342,0.934802637439081,NA,NA,NA,NA,NA,NA,NA,2
648,NA,NA,NA,NA,NA,0.549404065692373,NA,NA,NA,NA,NA,NA,NA,NA,NA,2
649,NA,NA,NA,NA,NA,NA,0.348552314778408,0.601570174712666,0.200649394072709,0.0959573060282126,0.0266436302170807,0.0303795809173086,NA,NA,NA,2
655,NA,NA,NA,NA,NA,0.240416967346731,NA,NA,NA,NA,NA,NA,NA,NA,NA,2
656,NA,NA,NA,NA,NA,0.56833482515529,0.276463865215318,NA,NA,NA,NA,NA,NA,NA,NA,2
658,NA,NA,NA,NA,NA,0.0744198448760562,0.102680282396553,NA,NA,NA,NA,NA,NA,NA,NA,2
659,NA,NA,NA,NA,NA,0.457157868404589,0.148543765008461,0.111316563524753,0.215615369231242,0.124555574762996,0.0358252827029222,0.00336806795855004,NA,NA,NA,2
660,NA,NA,NA,NA,NA,0.0240628787218253,0.125688937476603,0.205116510500657,0.171583220649241,0.319747630590942,0.319747630590942,NA,NA,NA,NA,2
661,NA,NA,NA,NA,NA,0.217771980317826,0.0583322732574765,NA,NA,NA,NA,NA,NA,NA,NA,2
663,NA,NA,NA,NA,NA,0.28060428361226,0.139343154827768,0.13926095070888,0.0901874290528168,0.081233219814588,0.0783728806085807,0.094117817847202,0.0901517133768533,0.0784246947771191,NA,2
664,NA,NA,NA,NA,NA,0.212342401328219,0.214291689610338,0.204390616988627,0.210478479187339,0.205325075969932,0.203573010936653,0.198160599174849,0.204509484705251,0.204509484705251,0.166147263046327,2
665,NA,NA,NA,NA,NA,0.191238216837088,0.064880830816797,0.0609791038380556,0.0669658502447649,0.123941736465904,0.123941736465904,0.243118789477785,0.137662633495919,0.104446919080698,0.0380974887807655,2
667,NA,NA,NA,NA,NA,0.489720510659911,NA,NA,NA,NA,NA,NA,NA,NA,NA,2
669,NA,NA,NA,NA,NA,0.464722797884897,0.301600610872537,0.263161001341224,0.241982979745749,0.166717654278353,NA,NA,NA,NA,NA,2
670,NA,NA,NA,NA,NA,0.471231976152702,0.461926972172832,0.326906052122744,0.263783732646104,0.0949584472851286,0.000290702120754641,0.00386511088781579,0.00028400741390129,NA,NA,2
671,NA,NA,NA,NA,NA,0.462228264835499,0.345795966984673,NA,NA,NA,NA,NA,NA,NA,NA,2
672,NA,NA,NA,NA,NA,0.52709015302118,0.438521744864677,NA,NA,NA,NA,NA,NA,NA,NA,2
674,NA,NA,NA,NA,NA,0.526494164001276,0.759290706832909,0.999849305895963,0.755224904318965,0.000205881644507013,NA,NA,NA,NA,NA,2
677,NA,NA,NA,NA,NA,0.27363280715849,0.0163776395142369,NA,NA,NA,NA,NA,NA,NA,NA,2
679,NA,NA,NA,NA,NA,0.50540404901727,0.388249910714083,0.305302250423437,0.336654859397642,0.298028061960639,0.1800296753656,0.147282359990639,0.00342244531626892,NA,NA,2
685,NA,NA,NA,NA,NA,0.500183915992649,0.88280300976217,0.387434921030245,NA,NA,NA,NA,NA,NA,NA,2
687,NA,NA,NA,NA,NA,NA,0.122705668351756,0.0302829291827662,0.0290176087565351,0.0113131591522523,NA,NA,NA,NA,NA,2
693,NA,NA,NA,NA,NA,NA,0.461135191128289,0.258471158741359,0.252181489067436,0.145640936486346,0.145640936486346,0.00980795189125992,0.00635148537626528,NA,NA,2
694,NA,NA,NA,NA,NA,NA,0.842667676230131,0.802246491981581,0.573281477755354,0.471615453694669,0.466502505306319,0.55973309008011,0.640908377785906,NA,NA,2
698,NA,NA,NA,NA,NA,NA,0.370762084706174,NA,NA,NA,NA,NA,NA,NA,NA,2
699,NA,NA,NA,NA,NA,NA,0.317648686154134,NA,NA,NA,NA,NA,NA,NA,NA,2
700,NA,NA,NA,NA,NA,NA,0.386731337726356,NA,NA,NA,NA,NA,NA,NA,NA,2
702,NA,NA,NA,NA,NA,NA,0.106122925057786,0.0037332639572997,0.00767448848423406,0.128683938591685,0.327573276382394,0.00789314097829911,0.00320515814895428,NA,NA,2
704,NA,NA,NA,NA,NA,NA,0.513954724597347,0.215869951046145,0.0674237235573985,0.0645266923132831,0.0443221779081452,0.0326137172346255,0.00379917226459444,NA,NA,2
705,NA,NA,NA,NA,NA,NA,0.29174443063946,0.0941028292374766,0.0274133230813231,0.0274133230813231,0.00386685292092052,0.0173162374661552,0.0743987495246678,NA,NA,2
707,NA,NA,NA,NA,NA,NA,0.0724849624752856,NA,NA,NA,NA,NA,NA,NA,NA,2
710,NA,NA,NA,NA,NA,NA,0.57739451259361,0.553756302989899,0.49972165869459,0.49972165869459,0.356187318122644,0.0296481021326172,0.00238813179691452,NA,NA,2
713,NA,NA,NA,NA,NA,NA,0.213911534085907,0.0853220573541919,0.0815462300881357,NA,NA,NA,NA,NA,NA,2
715,NA,NA,NA,NA,NA,NA,0.372971421947113,0.234607411607721,0.121914671819954,0.136288746056787,0.0448040879648277,0.00693363800018123,1.780389958143e-08,NA,NA,2
716,NA,NA,NA,NA,NA,NA,0.499366729820068,0.190640232826814,0.147044319278087,0.0461642835492664,NA,NA,NA,NA,NA,2
718,NA,NA,NA,NA,NA,NA,0.816462674608362,0.443391291687663,0.430422643332864,0.0623405791880401,0.00649839672670662,0.0108980968785726,0.0387634261835465,NA,NA,2
719,NA,NA,NA,NA,NA,NA,0.513915481676611,0.208637795550342,0.222659000509408,0.0356008421397976,0.02467624481184,0.00144588750765013,0.00074162161660889,NA,NA,2
720,NA,NA,NA,NA,NA,NA,0.844274260300041,0.643236946800788,0.752267043943108,0.774531113536954,0.755563154671998,0.786358255843685,0.895004274401689,NA,NA,2
728,NA,NA,NA,NA,NA,NA,0.378142438290355,0.273248812589427,0.040218586649522,0.118318178436337,NA,NA,NA,NA,NA,2
730,NA,NA,NA,NA,NA,NA,0.248425644747692,0.258405191403792,NA,NA,NA,NA,NA,NA,NA,2
733,NA,NA,NA,NA,NA,NA,0.642262871477929,0.672559987190141,0.31915570996081,0.331148011969773,0.334969428184601,0.176058565050125,0.0286854937762394,NA,NA,2
735,NA,NA,NA,NA,NA,NA,0.641472552257624,0.660342628354183,0.439827847221096,0.0414782466332251,NA,NA,NA,NA,NA,2
737,NA,NA,NA,NA,NA,NA,0.520633903625014,0.420554773182788,0.49724781148639,0.0465413611993195,NA,NA,NA,NA,NA,2
738,NA,NA,NA,NA,NA,NA,0.142926295225622,0.0102162832162969,NA,NA,NA,NA,NA,NA,NA,2
739,NA,NA,NA,NA,NA,NA,0.0745154468183857,0.0429451058864699,NA,NA,NA,NA,NA,NA,NA,2
747,NA,NA,NA,NA,NA,NA,0.147135379014108,0.00121045508041025,NA,NA,NA,NA,NA,NA,NA,2
748,NA,NA,NA,NA,NA,NA,NA,0.163998079136193,0.0265382268431706,0.053523796837932,0.0156828589627907,0.0603545429343845,0.046936624828353,0.0091840980437026,NA,2
750,NA,NA,NA,NA,NA,NA,NA,0.4596641637483,NA,NA,NA,NA,NA,NA,NA,2
751,NA,NA,NA,NA,NA,NA,NA,0.532687382906783,NA,NA,NA,NA,NA,NA,NA,2
752,NA,NA,NA,NA,NA,NA,NA,0.773496835723018,NA,NA,NA,NA,NA,NA,NA,2
754,NA,NA,NA,NA,NA,NA,NA,0.464329307387959,NA,NA,NA,NA,NA,NA,NA,2
758,NA,NA,NA,NA,NA,NA,NA,0.902204591439624,NA,NA,NA,NA,NA,NA,NA,2
761,NA,NA,NA,NA,NA,NA,NA,0.0378404334418047,0.141243785390131,0.141243785390131,0.141243785390131,0.221050064627002,0.00176774864912069,NA,NA,2
764,NA,NA,NA,NA,NA,NA,NA,0.331773279941801,0.245333592913261,NA,NA,NA,NA,NA,NA,2
765,NA,NA,NA,NA,NA,NA,NA,0.301154067838739,0.491715979006985,NA,NA,NA,NA,NA,NA,2
766,NA,NA,NA,NA,NA,NA,NA,0.400353656781264,0.337045266939944,NA,NA,NA,NA,NA,NA,2
767,NA,NA,NA,NA,NA,NA,NA,0.156627275349767,0.0851960066544986,NA,NA,NA,NA,NA,NA,2
778,NA,NA,NA,NA,NA,NA,NA,0.416048155762744,0.416345345942715,0.340924564576343,0.274278483142109,NA,NA,NA,NA,2
785,NA,NA,NA,NA,NA,NA,NA,0.0199938140427355,0.0199938140427355,NA,NA,NA,NA,NA,NA,2
786,NA,NA,NA,NA,NA,NA,NA,0.406072074081188,0.170834155944969,0.0587670041072934,0.0208997194586914,0.024762985361195,0.00191926608714709,NA,NA,2
789,NA,NA,NA,NA,NA,NA,NA,0.486330504070835,0.464856389943054,0.464856389943054,0.602948055317483,0.235029164707862,NA,NA,NA,2
791,NA,NA,NA,NA,NA,NA,NA,0.417067343830719,0.398168211427798,0.0820783753831094,0.00867549667869896,0.00294750658529446,0.00403475537858743,NA,NA,2
801,NA,NA,NA,NA,NA,NA,NA,0.499264909543217,0.330716624459851,0.172757780764782,0.134901283666352,0.0894277389824475,0.04691171731641,NA,NA,2
803,NA,NA,NA,NA,NA,NA,NA,0.350045694168032,0.0352584963882897,0.024088465092476,0.0153617262030982,0.0231910878736372,0.0470460105838205,NA,NA,2
814,NA,NA,NA,NA,NA,NA,NA,0.421349963180751,0.0353297445902721,NA,NA,NA,NA,NA,NA,2
815,NA,NA,NA,NA,NA,NA,NA,0.386792871349873,0.0244315725637707,NA,NA,NA,NA,NA,NA,2
818,NA,NA,NA,NA,NA,NA,NA,0.527377765831413,0.782791792491375,0.782791792491375,0.93923024888979,0.868586982744913,1.3866368577346,1.06973792848871,NA,2
819,NA,NA,NA,NA,NA,NA,NA,0.505696670087418,0.53741010757038,0.328642922053962,0.407962145703549,0.231164368917527,0.388655306664226,0.0964164272631449,NA,2
823,NA,NA,NA,NA,NA,NA,NA,0.192136750631997,0.0988130068004165,0.0490211762092699,NA,NA,NA,NA,NA,2
834,NA,NA,NA,NA,NA,NA,NA,NA,0.226622760854271,NA,NA,NA,NA,NA,NA,2
835,NA,NA,NA,NA,NA,NA,NA,NA,0.932529460037737,0.492039483250462,0.176059851602918,0.00167892017469726,NA,NA,NA,2
836,NA,NA,NA,NA,NA,NA,NA,NA,0.542155876661387,NA,NA,NA,NA,NA,NA,2
845,NA,NA,NA,NA,NA,NA,NA,NA,0.529711706871324,0.497631643452416,0.495890383176876,0.486973474949539,0.492385849560103,0.495604916289353,0.423084617846811,2
853,NA,NA,NA,NA,NA,NA,NA,NA,0.32135266664768,0.0627655526567607,0.066993255921401,0.040290549420849,NA,NA,NA,2
854,NA,NA,NA,NA,NA,NA,NA,NA,0.352780347156209,0.0728239217943741,NA,NA,NA,NA,NA,2
855,NA,NA,NA,NA,NA,NA,NA,NA,0.437172839048262,0.0144986661296918,NA,NA,NA,NA,NA,2
856,NA,NA,NA,NA,NA,NA,NA,NA,0.361960394127011,0.361960394127011,0.361960394127011,0.0105368538109499,0.00203705700632026,NA,NA,2
867,NA,NA,NA,NA,NA,NA,NA,NA,0.451421179787596,0.213674456342028,0.0956784038754648,0.0339056169512203,0.00913082118279137,NA,NA,2
870,NA,NA,NA,NA,NA,NA,NA,NA,NA,NA,NA,NA,NA,NA,NA,2
875,NA,NA,NA,NA,NA,NA,NA,NA,0.460635749112682,0.460635749112682,0.460635749112682,0.056533170440768,0.0745022866971981,0.032703742115714,NA,2
876,NA,NA,NA,NA,NA,NA,NA,NA,NA,NA,NA,0.635795995187204,0.623727220125773,1.5014588994305,NA,2
877,NA,NA,NA,NA,NA,NA,NA,NA,0.478808294978655,0.478808294978655,0.478808294978655,0.281496780199889,0.120367187115441,0.0288386298001896,NA,2
878,NA,NA,NA,NA,NA,NA,NA,NA,0.462324019311069,0.462324019311069,0.462324019311069,0.100265434989032,0.0486859211133066,0.0312582591461811,NA,2
889,NA,NA,NA,NA,NA,NA,NA,NA,0.78439230708426,0.0724359612707937,NA,NA,NA,NA,NA,2
893,NA,NA,NA,NA,NA,NA,NA,NA,0.341501251299225,0.227611073459843,0.189183267760625,NA,NA,NA,NA,2
894,NA,NA,NA,NA,NA,NA,NA,NA,0.519631528294049,0.355906620765508,0.168875014998013,0.102037753370311,NA,NA,NA,2
897,NA,NA,NA,NA,NA,NA,NA,NA,NA,0.0228473454840138,0.0193735533303247,0.00678195926092211,NA,NA,NA,2
898,NA,NA,NA,NA,NA,NA,NA,NA,NA,0.000243710627963431,0.000243710627963431,0.0130972149054774,NA,NA,NA,2
899,NA,NA,NA,NA,NA,NA,NA,NA,NA,0.0715022579220058,0.0455381087902794,0.0277097612524158,NA,NA,NA,2
905,NA,NA,NA,NA,NA,NA,NA,NA,NA,0.438231215882181,0.49835750831361,0.173483356178946,0.281680845999598,0.211981802249159,NA,2
906,NA,NA,NA,NA,NA,NA,NA,NA,NA,0.84397919778307,0.630069198503322,0.58819931029133,0.526020157452258,0.280925380708775,NA,2
907,NA,NA,NA,NA,NA,NA,NA,NA,NA,0.962660222987148,0.927318881897091,0.91278883974041,0.690182842411553,0.690550809401049,NA,2
908,NA,NA,NA,NA,NA,NA,NA,NA,NA,0.160403101319205,0.160403101319205,0.0692839376136025,NA,NA,NA,2
917,NA,NA,NA,NA,NA,NA,NA,NA,NA,0.936246683808906,0.919380470697886,1.00998905077757,0.903168072661065,NA,NA,2
918,NA,NA,NA,NA,NA,NA,NA,NA,NA,0.931309170897989,0.913007912569602,0.899794707483617,0.920685970062215,0.917865661868955,NA,2
920,NA,NA,NA,NA,NA,NA,NA,NA,NA,0.91945005908784,0.445865040514526,0.00414829526914356,NA,NA,NA,2
922,NA,NA,NA,NA,NA,NA,NA,NA,NA,0.0489743189180515,0.0489743189180515,0.00700129253017111,NA,NA,NA,2
923,NA,NA,NA,NA,NA,NA,NA,NA,NA,0.00043061707541865,0.00043061707541865,0.0026888593354102,NA,NA,NA,2
924,NA,NA,NA,NA,NA,NA,NA,NA,NA,0.546209736950184,0.546209736950184,0.229960667595612,0.0387846447576525,0.000792915237114843,NA,2
930,NA,NA,NA,NA,NA,NA,NA,NA,NA,0.260978000840638,0.139699782363708,NA,NA,NA,NA,2
934,NA,NA,NA,NA,NA,NA,NA,NA,NA,0.177608831401277,0.0848924765071223,0.0344673342528137,0.0320372586605297,NA,NA,2
937,NA,NA,NA,NA,NA,NA,NA,NA,NA,0.503455225671594,0.547441617556924,0.296995858525273,0.0298850946600237,NA,NA,2
939,NA,NA,NA,NA,NA,NA,NA,NA,NA,0.496947204312961,0.0341078857053261,0.00665552405527096,NA,NA,NA,2
941,NA,NA,NA,NA,NA,NA,NA,NA,NA,0.504257821446243,1.48092032499594,NA,NA,NA,NA,2
1022,NA,NA,NA,NA,NA,NA,NA,NA,NA,NA,0.514458613084939,0.162315663537315,0.0990685226223989,NA,NA,2
1023,NA,NA,NA,NA,NA,NA,NA,NA,NA,NA,0.734380689117123,0.387067870974906,0.0471978968780627,NA,NA,2
1025,NA,NA,NA,NA,NA,NA,NA,NA,NA,NA,0.145144853929943,0.10458473517954,0.0230554724580826,0.00479602350995392,NA,2
1028,NA,NA,NA,NA,NA,NA,NA,NA,NA,NA,0.679449263351792,0.411761574695451,NA,NA,NA,2
1030,NA,NA,NA,NA,NA,NA,NA,NA,NA,NA,0.397324070318612,0.450651879373111,0.575180872538354,NA,NA,2
1038,NA,NA,NA,NA,NA,NA,NA,NA,NA,NA,0.435173386476928,0.27155661112782,0.202670826678171,0.00218324167313129,0.000560400387574957,2
1041,NA,NA,NA,NA,NA,NA,NA,NA,NA,NA,0.523744521102304,0.141426387212405,0.00460769095634331,NA,NA,2
1042,NA,NA,NA,NA,NA,NA,NA,NA,NA,NA,0.472570810154588,0.060338289591465,0.0141787418851301,NA,NA,2
1049,NA,NA,NA,NA,NA,NA,NA,NA,NA,NA,NA,NA,NA,NA,NA,2
1058,NA,NA,NA,NA,NA,NA,NA,NA,NA,NA,NA,0.512154856091807,0.480028172340008,0.446654380054578,NA,2
1063,NA,NA,NA,NA,NA,NA,NA,NA,NA,NA,NA,0.401250850825822,0.2312,NA,NA,2
1069,NA,NA,NA,NA,NA,NA,NA,NA,NA,NA,NA,0.559185226483697,0.261574053053571,0.206765615977456,0.00117036342553716,2
1083,NA,NA,NA,NA,NA,NA,NA,NA,NA,NA,NA,0.100420166303873,0.00678479750397057,NA,NA,2
1088,NA,NA,NA,NA,NA,NA,NA,NA,NA,NA,NA,NA,0.316845992614214,NA,NA,2
1089,NA,NA,NA,NA,NA,NA,NA,NA,NA,NA,NA,NA,0.551521092182191,0.181888261259662,NA,2
1090,NA,NA,NA,NA,NA,NA,NA,NA,NA,NA,NA,NA,0.475649615553328,0.424443695956509,NA,2
1098,NA,NA,NA,NA,NA,NA,NA,NA,NA,NA,NA,NA,0.416425430728025,NA,NA,2
1102,NA,NA,NA,NA,NA,NA,NA,NA,NA,NA,NA,NA,0.495846419059631,NA,NA,2
1108,NA,NA,NA,NA,NA,NA,NA,NA,NA,NA,NA,NA,0.739724714453474,NA,NA,2
1114,NA,NA,NA,NA,NA,NA,NA,NA,NA,NA,NA,NA,0.762583776843122,NA,NA,2
1131,NA,NA,NA,NA,NA,NA,NA,NA,NA,NA,NA,NA,NA,0.347377897102124,NA,2
1132,NA,NA,NA,NA,NA,NA,NA,NA,NA,NA,NA,NA,NA,0.578088288392462,NA,2
1140,NA,NA,NA,NA,NA,NA,NA,NA,NA,NA,NA,NA,NA,0.523707373582588,NA,2
