questionId,1/7/2014,2/7/2014,3/7/2014,4/7/2014,5/7/2014,6/7/2014,7/7/2014,8/7/2014,9/7/2014,10/7/2014,11/7/2014,12/7/2014,1/7/2015,2/7/2015,3/7/2015,4/7/2015
2,NA,NA,NA,NA,0.374500027,0.331304224,0.213392333,0.436825881,0.297254158,NA,NA,NA,NA,NA,NA,2
3,NA,0.279948309,0.279948309,0.279948309,0.279948309,0.262776063,0.17035244,0.315204517,0.162732913,NA,NA,NA,NA,NA,NA,2
4,NA,0.8213541,0.8213541,0.8213541,0.8213541,0.950544575,1.394612004,1.410988018,1.583312986,NA,NA,NA,NA,NA,NA,2
5,0.009424251,0.024930668,0.031250002,0.03125,0.050899819,0.036037794,0.004361253,0.016429022,0.002337665,0.005903424,NA,NA,NA,NA,NA,2
6,NA,1.026726714,1.026726714,1.026726714,1.026726714,1.123749563,1.330760305,1.367437407,1.634697601,NA,NA,NA,NA,NA,NA,2
9,0.671468384,0.337664943,0.16829966,NA,NA,NA,NA,NA,NA,NA,NA,NA,NA,NA,NA,2
10,0.1179812,0.1179812,NA,NA,NA,NA,NA,NA,NA,NA,NA,NA,NA,NA,NA,2
11,0.17181515,0.100171323,0.067745578,0.064128281,0.086702082,0.1381866,0.130486926,NA,NA,NA,NA,NA,NA,NA,NA,2
12,0.143581315,0.064683857,0.061128465,0.209369502,0.166267563,0.109115462,0.128792457,NA,NA,NA,NA,NA,NA,NA,NA,2
13,0.087534276,0.087878162,0.13137284,NA,NA,NA,NA,NA,NA,NA,NA,NA,NA,NA,NA,2
14,NA,0.593043623,0.605,0.605,0.604700914,0.352264279,0.152418594,NA,NA,NA,NA,NA,NA,NA,NA,2
15,NA,0.719716689,0.72155092,0.680957416,0.719789086,0.500855816,0.247133663,NA,NA,NA,NA,NA,NA,NA,NA,2
16,0.64352096,0.668584184,0.56414576,0.895071142,1.013956247,0.223920353,0.19221597,NA,NA,NA,NA,NA,NA,NA,NA,2
17,0.057887478,NA,NA,NA,NA,NA,NA,NA,NA,NA,NA,NA,NA,NA,NA,2
19,0.637347161,NA,NA,NA,NA,NA,NA,NA,NA,NA,NA,NA,NA,NA,NA,2
20,0.394968481,0.230032715,NA,NA,NA,NA,NA,NA,NA,NA,NA,NA,NA,NA,NA,2
22,0.398331004,0.451949386,NA,NA,NA,NA,NA,NA,NA,NA,NA,NA,NA,NA,NA,2
37,NA,0.427000536,0.427000536,0.477308609,0.477308609,0.397664963,0.385665779,0.228237724,0.231707361,0.029671439,NA,NA,NA,NA,NA,2
38,NA,0.609295875,0.609295875,0.609295875,0.609295875,0.522639369,0.679634972,0.745782552,0.598428995,0.005814257,NA,NA,NA,NA,NA,2
39,0.692078682,0.333016868,0.417016255,0.564827323,0.568371443,0.220970818,0.118889081,NA,NA,NA,NA,NA,NA,NA,NA,2
40,0.85549152,0.479236259,0.467286582,0.46406429,0.27241731,0.227705311,0.136317678,NA,NA,NA,NA,NA,NA,NA,NA,2
41,0.160211241,0.092448282,0.081221419,0.081221419,0.081221419,0.053564538,0.024788296,NA,NA,NA,NA,NA,NA,NA,NA,2
42,0.741663841,0.422768803,0.347124291,0.275470311,0.234589255,0.173738147,0.087775917,NA,NA,NA,NA,NA,NA,NA,NA,2
43,NA,0.51215742,0.34741178,0.378129408,0.378129408,0.346011446,0.271340467,0.084256966,0.061687482,0.026595934,0.003546091,0.000562921,NA,NA,NA,2
44,NA,0.456233176,0.456233176,0.456233176,0.456233176,0.318748651,0.238547733,0.086050848,0.079287105,0.048553713,0.007811425,0.00914135,NA,NA,NA,2
45,NA,NA,0.172545384,0.172545384,0.172545384,0.145585834,0.07537992,0.01578172,0.014734311,0.010146713,0.001604867,0.000350824,NA,NA,NA,2
46,NA,1.016463125,1.016463125,1.016463125,1.016463125,0.834978684,0.141083144,0.07685669,0.066109691,0.035055071,0.005850631,0.000535901,NA,NA,NA,2
47,NA,NA,0.023344394,0.023344394,0.023344394,0.024890627,0.029366789,0.009425126,0.021148934,0.009159993,0.006885392,0.006427928,NA,NA,NA,2
48,NA,0.068577309,0.068577309,0.068577309,0.068577309,0.043353576,0.013674446,0.0026623,0.006519691,0.006519691,0.000768139,0.003033833,NA,NA,NA,2
51,0.914013646,NA,NA,NA,NA,NA,NA,NA,NA,NA,NA,NA,NA,NA,NA,2
52,0.86428604,NA,NA,NA,NA,NA,NA,NA,NA,NA,NA,NA,NA,NA,NA,2
53,NA,NA,0.02180386,0.02180386,0.042713164,0.063750678,0.070586541,NA,NA,NA,NA,NA,NA,NA,NA,2
54,NA,0.023839821,0.040328644,0.052432205,0.047293016,0.028951427,0.025770145,NA,NA,NA,NA,NA,NA,NA,NA,2
55,NA,NA,0.020051707,0.037357579,0.037357579,0.020747834,0.037933392,NA,NA,NA,NA,NA,NA,NA,NA,2
56,NA,0.044041774,0.029082094,0.029082094,0.029082094,0.020221281,0.020794768,0.004789994,0.002818544,0.003484104,0.004828868,0.004113535,NA,NA,NA,2
61,NA,0.841490257,0.598875229,NA,NA,NA,NA,NA,NA,NA,NA,NA,NA,NA,NA,2
62,0.491592865,NA,NA,NA,NA,NA,NA,NA,NA,NA,NA,NA,NA,NA,NA,2
72,0.008171188,0.053780337,0.023598126,0.023598126,0.023598126,0.01528464,0.066774106,NA,NA,NA,NA,NA,NA,NA,NA,2
73,0.098490968,0.066423273,0.029895871,0.018863178,0.008647779,0.00947905,0.042275096,NA,NA,NA,NA,NA,NA,NA,NA,2
74,1.08977163,1.126748335,0.920639486,0.962710493,0.949094922,0.881587265,0.977402051,0.770856394,0.625071743,0.75007124,NA,NA,NA,NA,NA,2
75,0.562201581,0.63744195,0.642077454,0.675639082,0.675639082,0.744381317,0.793533469,0.714063894,0.695964651,0.726394948,NA,NA,NA,NA,NA,2
76,0.706657148,0.706657148,0.706657148,0.706657148,0.706657148,0.56247082,0.352232913,0.268806946,0.307198769,0.118583086,0.056825113,0.049306638,0.008448136,NA,NA,2
77,0.054873611,NA,NA,NA,NA,NA,NA,NA,NA,NA,NA,NA,NA,NA,NA,2
78,0.054449656,NA,NA,NA,NA,NA,NA,NA,NA,NA,NA,NA,NA,NA,NA,2
79,0.130818735,0.043177897,0.020993859,NA,NA,NA,NA,NA,NA,NA,NA,NA,NA,NA,NA,2
84,0.414085917,0.338644449,0.284133577,0.284133577,0.284133577,0.184339457,0.155967803,0.127211345,0.120691205,0.016688982,0.012837508,0.008143997,0.050276017,NA,NA,2
85,NA,0.620806693,0.620806693,0.605656449,0.605656449,0.37719715,0.476410039,0.41125095,0.472735132,0.118392108,0.018477419,NA,NA,NA,NA,2
90,1.44704449,1.503153997,NA,NA,NA,NA,NA,NA,NA,NA,NA,NA,NA,NA,NA,2
91,NA,1.042086494,1.042086494,0.987445154,0.987445154,1.020438634,1.222975817,1.384624703,1.390934529,1.309051895,NA,NA,NA,NA,NA,2
92,NA,0.475403365,0.475403365,0.388808588,0.388808588,0.325256647,0.16016146,0.160535771,0.072378258,NA,NA,NA,NA,NA,NA,2
93,0.320533548,0.257822011,0.30199973,0.333203243,0.333203243,0.322227525,0.341776484,0.274085503,0.115565142,NA,NA,NA,NA,NA,NA,2
94,NA,0.293264351,0.293264351,0.307530504,0.193563453,0.14295543,0.236809373,0.303735755,0.120386583,NA,NA,NA,NA,NA,NA,2
95,0.388071175,0.288830561,0.263009427,0.263009427,0.263009427,0.19421269,0.087236063,0.140789645,0.108667741,NA,NA,NA,NA,NA,NA,2
96,0.252819758,0.392718707,0.33331749,0.33331749,0.097269722,0.110623882,0.177512544,0.235169541,0.177559031,0.278789502,NA,NA,NA,NA,NA,2
97,NA,0.50129557,0.50129557,0.50129557,0.418726797,0.344927306,0.54838381,0.543169703,0.735051767,NA,NA,NA,NA,NA,NA,2
98,NA,0.436633294,0.436633294,0.458841328,0.458841328,0.398312706,0.057567331,0.061025203,0.111430617,NA,NA,NA,NA,NA,NA,2
99,0.270909177,0.130505,0.024688332,0.024688332,0.024688332,0.025221389,0.208085551,0.211533898,0.09913027,NA,NA,NA,NA,NA,NA,2
100,0.625852434,0.625852434,0.625852434,0.54804368,0.54804368,0.546508896,0.841326185,1.103377336,1.339950679,NA,NA,NA,NA,NA,NA,2
101,0.702880679,0.835821781,0.835821781,0.784468035,0.784468035,0.725085505,0.810360029,0.945789068,1.291470941,1.21584049,NA,NA,NA,NA,NA,2
102,0.836712463,0.969511205,0.721471962,0.315515005,0.694377221,0.417928957,0.319720662,0.37785605,0.38729994,0.064726217,0.043363946,0.012971289,0.070775823,NA,NA,2
103,0.151940856,0.25596514,0.451794154,0.557523763,0.398488654,0.071636692,0.305185509,0.736361879,0.418364892,0.193921856,0.036170975,0.053442562,0.001587264,NA,NA,2
104,0.233285349,0.380376881,0.389722696,0.27618094,0.238701223,0.501158512,NA,NA,NA,NA,NA,NA,NA,NA,NA,2
106,0.690371555,0.610468174,NA,NA,NA,NA,NA,NA,NA,NA,NA,NA,NA,NA,NA,2
107,1.010508182,1.030403448,1.044215667,1.099062291,1.11740679,0.951393371,0.954567637,0.878422411,0.842402142,0.828841292,0.222305894,NA,NA,NA,NA,2
108,0.963252249,0.669763805,0.669763805,0.669763805,0.669763805,0.606498747,0.676622672,0.805342089,0.82075718,0.802918591,NA,NA,NA,NA,NA,2
109,0.136515221,0.105982232,0.105982232,0.117324677,0.099042239,0.210071118,0.193578401,0.05790608,0.028012511,0.001160746,NA,NA,NA,NA,NA,2
110,0.610951369,0.644433622,0.68375732,0.674795735,0.674795735,0.689058242,0.781395428,0.859754905,0.664347566,0.331747545,NA,NA,NA,NA,NA,2
111,NA,0.614737045,0.614737045,0.603148275,0.621858184,0.401992144,0.125585376,0.082804554,0.010511884,0.005670231,NA,NA,NA,NA,NA,2
112,0.210901462,0.210901462,0.198230257,0.185242528,0.185242528,0.184648538,0.106573071,0.041239762,0.040950809,0.117523162,NA,NA,NA,NA,NA,2
113,0.21082241,0.211569182,0.162744637,0.156030173,0.15405706,0.165239124,0.251335868,0.291759192,NA,NA,NA,NA,NA,NA,NA,2
114,0.339204199,0.333348186,0.273269988,0.232919636,0.23331054,0.248484951,0.296052546,NA,NA,NA,NA,NA,NA,NA,NA,2
115,0.370529,0.409594576,0.409594576,0.506740633,0.506740633,0.453533921,0.436365884,0.359247719,NA,NA,NA,NA,NA,NA,NA,2
116,0.152699318,0.143721525,0.165778202,0.149204863,0.149204863,0.108538529,0.179487601,NA,NA,NA,NA,NA,NA,NA,NA,2
117,0.597380372,0.595519547,0.709040948,0.73022611,0.73022611,0.663329424,0.577148387,0.407796158,NA,NA,NA,NA,NA,NA,NA,2
118,0.203744072,0.134694821,0.157911276,0.141897531,0.141897531,0.12931381,0.166632307,NA,NA,NA,NA,NA,NA,NA,NA,2
119,0.333288604,0.340180547,0.340180547,0.347375734,0.369735638,0.139371638,0.129464764,0.102196318,NA,NA,NA,NA,NA,NA,NA,2
120,0.207957469,0.232147822,0.244411201,0.253131254,0.142043254,0.073817167,0.082618236,0.03920099,NA,NA,NA,NA,NA,NA,NA,2
121,0.203327497,0.19490894,0.203942869,0.189253196,0.189253196,0.128815582,0.116270339,0.07641053,NA,NA,NA,NA,NA,NA,NA,2
122,0.48827209,0.510803485,0.615368445,0.617929072,0.634251847,0.463989396,0.429590621,NA,NA,NA,NA,NA,NA,NA,NA,2
125,0.596987048,0.464780552,0.424112881,0.424112881,0.424112881,0.390948544,0.139055744,0.047138,0.023898141,0.011192469,0.003900872,0.001092502,0.003508409,NA,NA,2
126,0.339590207,0.683314971,1.07946865,NA,NA,NA,NA,NA,NA,NA,NA,NA,NA,NA,NA,2
127,0.309859807,0.063401985,0.058740522,0.029349639,0.111107117,0.051344266,0.040846954,0.008622929,0.011798498,NA,NA,NA,NA,NA,NA,2
128,0.341332381,0.048860551,0.048648121,0.257647806,0.110687972,0.006856461,0.016666929,0.017802411,0.011719452,0.00525615,0.003720332,0.007143526,0.000496476,NA,NA,2
129,0.522897941,0.646224761,0.483510368,0.426762382,0.632601486,0.818900524,1.349272405,1.051666575,0.817281716,0.850073565,1.090191533,1.424677231,NA,NA,NA,2
131,0.47849642,0.373148892,0.440800049,0.463117193,0.839835012,NA,NA,NA,NA,NA,NA,NA,NA,NA,NA,2
138,NA,0.632150225,0.591845727,0.614325498,0.696526518,0.714473613,0.735267629,1.216566688,1.213108366,1.336794977,1.336794977,1.784231469,NA,NA,NA,2
142,NA,0.466584187,NA,NA,NA,NA,NA,NA,NA,NA,NA,NA,NA,NA,NA,2
143,NA,0.242985333,0.093229359,0.008108282,0.005697655,0.011745795,0.120039983,0.040401907,0.023072867,0.001087502,NA,NA,NA,NA,NA,2
144,NA,0.205728172,0.02285522,0.019039989,0.002312575,0.002643464,0.00782486,0.016780948,0.015661189,0.01079336,0.002980247,0.008357376,0.00070848,NA,NA,2
145,NA,0.272161784,0.082089147,0.082089147,0.047412975,0.025087989,0.032677383,0.059110357,0.047817998,0.014329532,0.014329532,0.004526218,0.138151545,NA,NA,2
153,NA,0.17847335,0.088331627,0.058391284,0.113246509,0.056535707,0.119073778,0.087736547,0.077634829,0.012229014,NA,NA,NA,NA,NA,2
154,NA,0.277350002,0.277350002,0.182367395,0.223728187,0.24978725,0.344800492,0.344914165,0.204174865,0.124811811,0.039849343,0.069878706,0.001863421,NA,NA,2
155,NA,0.256968606,0.261298129,NA,NA,NA,NA,NA,NA,NA,NA,NA,NA,NA,NA,2
157,NA,0.1939012,0.018600516,0.002904341,NA,NA,NA,NA,NA,NA,NA,NA,NA,NA,NA,2
160,NA,0.475212158,0.454292366,0.291504827,0.511815982,0.213998533,0.012956781,NA,NA,NA,NA,NA,NA,NA,NA,2
163,NA,0.271571326,NA,NA,NA,NA,NA,NA,NA,NA,NA,NA,NA,NA,NA,2
164,NA,0.780544524,0.743127555,0.744741269,0.668127808,0.814044018,0.970871484,0.867236327,0.655135968,0.014831084,NA,NA,NA,NA,NA,2
165,NA,0.918632209,0.910569998,0.711200478,0.810951129,0.799742441,0.794171031,0.929725688,0.992472706,0.968916233,NA,NA,NA,NA,NA,2
168,NA,0.4650204,0.185065963,0.028306117,0.014129871,NA,NA,NA,NA,NA,NA,NA,NA,NA,NA,2
169,NA,0.403692257,0.156853322,0.156853322,0.064844431,0.032575034,0.031820031,0.037066373,0.003353282,NA,NA,NA,NA,NA,NA,2
172,NA,0.442706509,0.442706509,0.294756861,0.294756861,0.267827614,0.18408026,0.171239103,0.2289194,0.14924464,0.14924464,0.066833461,0.085820167,NA,NA,2
173,NA,0.46772858,0.820369635,0.654028408,0.277442692,0.038632687,0.011150832,0.015221737,0.009551959,0.001568455,0.000712298,0.002428098,0.000378226,NA,NA,2
174,NA,0.53481497,0.299386867,0.092306134,0.076566778,0.008299699,NA,NA,NA,NA,NA,NA,NA,NA,NA,2
175,NA,NA,0.315619836,0.315619836,0.315619836,0.195143515,0.02607503,0.024749609,0.004606314,0.001866574,0.001220599,0.001525147,NA,NA,NA,2
177,NA,0.280024461,0.08558222,0.08558222,0.02558193,0.032417911,0.06274001,0.015360246,0.009587827,0.003022713,0.002523282,0.002567569,NA,NA,NA,2
179,NA,0.425449175,0.15392084,0.023601308,0.023697029,0.014618091,0.038336192,0.043503778,0.042329396,0.010787972,0.00750905,0.049226829,0.001331628,NA,NA,2
180,NA,0.635532114,0.726413063,0.487400757,0.619302104,0.528007967,0.731642395,0.340461349,0.307804914,0.294064865,0.037087851,NA,NA,NA,NA,2
183,NA,0.399461929,0.071887022,0.066385193,0.016763427,0.012686174,0.020476034,0.031554967,0.043155321,0.02676344,0.023791034,0.003929188,0.021053562,NA,NA,2
185,NA,0.574058914,1.106986669,1.246116888,0.991627127,0.048202285,0.041674564,NA,NA,NA,NA,NA,NA,NA,NA,2
188,NA,NA,NA,NA,NA,NA,NA,NA,NA,NA,NA,NA,NA,NA,NA,2
189,NA,0.565898128,0.755151292,0.52293595,0.92664692,1.005001392,0.596694575,0.310100925,0.145501949,0.024154907,0.010271259,0.005339699,0.064261385,NA,NA,2
190,NA,0.470462073,0.16746809,0.167468061,0.167468061,0.172964551,0.30928518,0.408452771,0.354412134,0.354412134,0.09296001,0.048851558,0.138740379,NA,NA,2
191,NA,NA,NA,0.5,0.5,0.493048782,0.890922794,0.873264224,0.126848411,0.026549653,0.010919876,0.053237993,0.000986589,NA,NA,2
192,NA,NA,0.534928586,0.605,0.605,0.599233742,0.686961887,0.741966454,0.519240491,0.799362094,0.799362094,0.855678713,0.063294673,NA,NA,2
193,NA,0.498818259,0.498818259,0.381968171,0.381968171,0.456331899,0.729797874,0.659640712,0.683462606,0.683462606,0.174554142,0.013058287,0.001728813,NA,NA,2
194,NA,NA,NA,0.6826722,0.6826722,0.457032351,0.318548921,0.271769374,0.627696152,0.627696152,0.254521536,0.044632894,0.068321423,NA,NA,2
195,NA,0.496405224,0.496405224,0.533926985,0.533926985,0.832318339,0.442473749,0.196630381,0.104494511,0.054774006,0.025494532,0.009174732,0.001412474,NA,NA,2
196,NA,0.51115349,0.734289428,0.740850191,NA,NA,NA,NA,NA,NA,NA,NA,NA,NA,NA,2
197,NA,0.550252356,0.550252356,0.550252356,0.121313067,0.069633597,0.042505629,0.031270774,0.017596053,0.006915938,0.002077498,0.017550464,0.000905739,NA,NA,2
199,NA,0.492000452,0.35452514,0.331361745,0.325272594,0.138712741,0.080045479,0.099024522,0.051290662,0.030457767,0.004885289,0.020417395,0.103932009,NA,NA,2
202,NA,0.496565331,0.174553394,0.185299154,0.166669175,0.117724305,0.0701095,0.003403089,NA,NA,NA,NA,NA,NA,NA,2
203,NA,NA,NA,NA,NA,0.545222553,0.621374926,0.783045857,NA,NA,NA,NA,NA,NA,NA,2
204,NA,NA,0.499999974,0.49999991,0.404954098,0.311447478,0.311119254,0.114397148,0.125289153,0.097890989,0.044608599,0.009452702,0.004111386,NA,NA,2
205,NA,NA,0.420593495,0.420593495,0.420593495,0.286720851,0.133558381,0.175102441,0.405442588,0.405442588,0.339171962,0.351606213,0.093335965,NA,NA,2
206,NA,NA,0.380177197,0.124314202,0.124314202,0.427607834,0.783648638,0.464658225,NA,NA,NA,NA,NA,NA,NA,2
207,NA,NA,0.534789348,0.825779928,0.935684264,0.796031614,NA,NA,NA,NA,NA,NA,NA,NA,NA,2
211,NA,NA,NA,NA,0.278866776,0.232141595,0.114465293,0.096538248,0.124632644,NA,NA,NA,NA,NA,NA,2
213,NA,NA,0.511817217,0.584007404,0.731142485,0.818935015,0.336829432,0.304212389,0.336387854,0.147276974,0.020847216,0.04361461,0.092333479,NA,NA,2
217,NA,NA,0.138310611,0.136806787,0.120974973,0.184975308,0.163280888,0.020903606,0.016765434,0.083577195,0.027264947,0.025071613,0.025099053,NA,NA,2
220,NA,NA,0.450632547,0.564962027,0.564962027,0.392784482,0.239685886,0.228570005,0.235364602,0.053221552,0.00900303,0.017970628,0.065747432,NA,NA,2
224,NA,NA,0.233566869,0.173885166,0.163065085,0.078305718,0.078851591,0.054712645,0.038133731,0.010685924,0.006324776,0.02583569,0.0016941,NA,NA,2
226,NA,NA,0.225218217,0.219637159,0.219637159,0.198191024,0.270194167,0.28522292,0.297511402,0.236605869,0.236605869,0.236605869,NA,NA,NA,2
229,NA,NA,0.389139446,0.389139446,0.389139446,0.362444677,0.346012064,0.329274082,0.402403264,0.12384073,0.01067953,0.052113248,0.00242303,NA,NA,2
231,NA,NA,0.59889107,0.721699972,0.721699972,0.686082091,0.534721631,0.518739478,0.491601371,0.491601371,0.310968168,0.244650592,0.258216594,NA,NA,2
232,NA,NA,0.675838431,0.734176245,0.734176245,NA,NA,NA,NA,NA,NA,NA,NA,NA,NA,2
255,NA,NA,0.546713398,0.558555469,0.558555469,0.537174755,0.669512399,0.731470765,0.638530691,NA,NA,NA,NA,NA,NA,2
256,NA,NA,0.53651084,0.53651084,0.732928342,0.764681109,0.572445166,0.297293862,NA,NA,NA,NA,NA,NA,NA,2
282,NA,NA,0.288260547,0.186136834,0.124679409,NA,NA,NA,NA,NA,NA,NA,NA,NA,NA,2
283,NA,NA,0.674209664,0.674209664,NA,NA,NA,NA,NA,NA,NA,NA,NA,NA,NA,2
284,NA,NA,0.329088421,0.267114185,0.156507352,NA,NA,NA,NA,NA,NA,NA,NA,NA,NA,2
285,NA,NA,0.335973955,0.311717249,NA,NA,NA,NA,NA,NA,NA,NA,NA,NA,NA,2
286,NA,NA,0.720453341,NA,NA,NA,NA,NA,NA,NA,NA,NA,NA,NA,NA,2
287,NA,NA,0.33315056,0.33315056,0.591817005,0.733165015,0.260394926,0.211445904,0.211445904,0.211445904,0.211445904,NA,NA,NA,NA,2
303,NA,NA,0.491587247,NA,NA,NA,NA,NA,NA,NA,NA,NA,NA,NA,NA,2
304,NA,NA,0.401604964,NA,NA,NA,NA,NA,NA,NA,NA,NA,NA,NA,NA,2
305,NA,NA,0.356863543,NA,NA,NA,NA,NA,NA,NA,NA,NA,NA,NA,NA,2
306,NA,NA,0.420928947,NA,NA,NA,NA,NA,NA,NA,NA,NA,NA,NA,NA,2
319,NA,NA,0.190203575,0.101961496,0.054024103,0.004663098,NA,NA,NA,NA,NA,NA,NA,NA,NA,2
321,NA,NA,0.293655558,0.201992412,0.201992412,0.220588413,0.037808759,0.056985035,0.012764297,0.006324839,0.004965647,0.134167978,0.000723381,NA,NA,2
323,NA,NA,0.499259987,0.533959423,0.268017658,0.268017658,0.268017658,0.268017658,0.268017658,NA,NA,NA,NA,NA,NA,2
324,NA,NA,NA,NA,0.423771363,0.140308918,0.047330881,NA,NA,NA,NA,NA,NA,NA,NA,2
325,NA,NA,0.601291936,0.61795905,0.467578456,0.15921075,0.013928772,0.001885194,0.001483671,0.000208018,NA,NA,NA,NA,NA,2
326,NA,NA,NA,0.397343976,0.34402223,0.299524914,0.225227161,0.161710766,0.091471474,0.04759718,0.007436116,0.051610837,0.000569215,NA,NA,2
328,NA,NA,0.495741612,0.40086693,0.320311108,0.320311108,0.320311108,0.321910482,0.447124079,0.447124079,0.414910204,0.163028799,0.017721746,0.011509122,NA,2
331,NA,NA,0.491956875,0.31774808,0.207542393,0.121717069,0.290175498,NA,NA,NA,NA,NA,NA,NA,NA,2
333,NA,NA,NA,NA,NA,NA,NA,NA,NA,NA,NA,NA,NA,NA,NA,2
335,NA,NA,0.657981169,0.808255645,0.656461328,0.643890423,0.854323444,NA,NA,NA,NA,NA,NA,NA,NA,2
338,NA,NA,NA,NA,NA,NA,NA,NA,NA,NA,NA,NA,NA,NA,NA,2
339,NA,NA,NA,0.536623884,NA,NA,NA,NA,NA,NA,NA,NA,NA,NA,NA,2
340,NA,NA,NA,NA,NA,NA,NA,NA,NA,NA,NA,NA,NA,NA,NA,2
341,NA,NA,NA,NA,NA,NA,NA,NA,NA,NA,NA,NA,NA,NA,NA,2
343,NA,NA,NA,0.597410736,0.597410736,0.622394392,0.401771558,0.375066421,0.421829661,0.653769739,0.653769739,0.291497218,0.163460841,0.00029645,0.001176461,2
344,NA,NA,NA,0.147139537,0.190888589,0.227529629,0.463784337,NA,NA,NA,NA,NA,NA,NA,NA,2
345,NA,NA,NA,0.509593212,0.509593212,0.595382287,0.466509804,0.40675763,0.435113604,1.11167427,1.11167427,0.170001381,0.001685113,NA,NA,2
346,NA,NA,NA,0.492200449,0.500337777,0.425296323,0.154263399,0.12159232,0.687996064,0.380516712,0.491989892,NA,NA,NA,NA,2
347,NA,NA,NA,0.519130314,0.519130314,0.530403165,0.369519567,0.326653378,0.385291383,0.32198744,0.19336652,0.112171847,0.001574171,NA,NA,2
348,NA,NA,NA,0.580538354,0.531665626,0.592670582,0.473419862,0.366875976,NA,NA,NA,NA,NA,NA,NA,2
349,NA,NA,NA,0.725480683,0.777133858,0.829953912,0.762173976,0.553384823,0.408939062,0.38515828,0.2664821,0.620798507,NA,NA,NA,2
352,NA,NA,NA,NA,NA,0.444326863,0.184856475,0.726123416,0.302944935,0.185807134,0.078166154,0.047756266,0.586512885,NA,NA,2
354,NA,NA,NA,0.300021807,0.085475964,0.070432399,0.023456739,0.006743944,0.02816361,0.0010921,NA,NA,NA,NA,NA,2
355,NA,NA,NA,0.560002608,0.560002608,0.693452613,1.102926437,1.071310071,0.972975409,0.972975409,0.973959289,1.312891583,1.610577212,NA,NA,2
356,NA,NA,NA,0.627916579,NA,NA,NA,NA,NA,NA,NA,NA,NA,NA,NA,2
357,NA,NA,NA,0.479024318,0.479024318,0.712292182,1.312649941,1.151127717,0.816404627,1.292136131,NA,NA,NA,NA,NA,2
358,NA,NA,NA,0.662317846,0.662317846,0.769581484,0.519360323,0.41069808,0.335024414,0.383776458,0.12500596,0.041865356,0.00427818,NA,NA,2
359,NA,NA,NA,0.388339168,0.237864586,0.105482451,0.020322973,0.02397135,0.025658486,0.021796403,0.012012351,0.006342628,0.011652874,NA,NA,2
360,NA,NA,NA,0.682583761,0.645405801,0.473887834,0.262435706,0.327736126,0.327382642,0.14068509,0.090296577,0.119274254,0.116366114,0.000297886,0.002970252,2
361,NA,NA,NA,0.262076529,0.262076529,0.192586746,0.195804397,0.219338863,0.332019537,0.514391302,NA,NA,NA,NA,NA,2
364,NA,NA,NA,0.352306784,0.008391249,4.54E-15,NA,NA,NA,NA,NA,NA,NA,NA,NA,2
365,NA,NA,NA,1.146638273,0.767022855,0.101756848,0.012207962,NA,NA,NA,NA,NA,NA,NA,NA,2
367,NA,NA,NA,NA,NA,NA,NA,NA,NA,NA,NA,NA,NA,NA,NA,2
368,NA,NA,NA,NA,NA,NA,NA,NA,NA,NA,NA,NA,NA,NA,NA,2
372,NA,NA,NA,0.438386886,0.263531545,0.111294364,0.074259853,0.090600199,0.064192398,0.005489257,0.000247947,0.000664655,NA,NA,NA,2
373,NA,NA,NA,0.369385005,0.497058095,0.659304289,0.165491003,0.061995281,NA,NA,NA,NA,NA,NA,NA,2
374,NA,NA,NA,0.778229435,1.286897438,0.457330613,0.30695615,0.36672982,0.305101151,0.164170621,0.025728377,0.009186734,NA,NA,NA,2
376,NA,NA,NA,0.48388652,0.380552944,0.115741231,0.284534126,0.079436002,0.059403723,0.000433178,0.00234926,0.018128331,0.001162839,NA,NA,2
379,NA,NA,NA,NA,NA,0.603934208,0.442059032,0.288872464,0.210841186,0.227165592,0.198415953,0.199891444,0.212739357,NA,NA,2
383,NA,NA,NA,0.975509115,0.578836077,NA,NA,NA,NA,NA,NA,NA,NA,NA,NA,2
384,NA,NA,NA,NA,NA,0.616982639,0.702870777,0.290575648,0.113355845,0.09703458,0.072164409,0.010013266,0.000605911,NA,NA,2
385,NA,NA,NA,0.414885439,0.209766354,0.18310633,0.531857105,0.517981526,0.447704246,0.606366222,NA,NA,NA,NA,NA,2
386,NA,NA,NA,0.491362656,0.301394344,0.066471375,0.013329958,0.017442123,0.035658729,0.020932278,0.00431668,0.001494491,0.001856259,NA,NA,2
388,NA,NA,NA,0.249807212,0.246853016,0.240834926,0.141341796,0.098584666,NA,NA,NA,NA,NA,NA,NA,2
389,NA,NA,NA,NA,0.000950278,0.00168623,0.084025392,0.057361371,0.005344968,0.000548143,NA,NA,NA,NA,NA,2
390,NA,NA,NA,NA,0.509588775,NA,NA,NA,NA,NA,NA,NA,NA,NA,NA,2
393,NA,NA,NA,NA,NA,NA,NA,NA,NA,NA,NA,NA,NA,NA,NA,2
394,NA,NA,NA,NA,NA,0.50526534,NA,NA,NA,NA,NA,NA,NA,NA,NA,2
395,NA,NA,NA,NA,NA,0.338990606,0.10542929,NA,NA,NA,NA,NA,NA,NA,NA,2
396,NA,NA,NA,0.386151419,0.194437777,0.011395988,NA,NA,NA,NA,NA,NA,NA,NA,NA,2
397,NA,NA,NA,0.49881066,0.042566102,NA,NA,NA,NA,NA,NA,NA,NA,NA,NA,2
398,NA,NA,NA,0.490814089,0.458673274,0.335908422,0.321941748,0.100055606,0.036390596,0.018971235,NA,NA,NA,NA,NA,2
401,NA,NA,NA,0.473248351,0.25323146,0.133795791,0.218813816,0.145297279,0.180754509,0.019862834,NA,NA,NA,NA,NA,2
403,NA,NA,NA,NA,0.5,0.628196423,1.133024689,1.116713904,1.194524148,1.194524148,1.690843036,1.436848927,1.171058021,1.191044945,1.640120048,2
404,NA,NA,NA,0.471751187,0.471751187,0.328524931,0.071334205,0.167526342,0.217139485,0.217139485,0.217139485,0.176854107,0.112766754,0.112766754,0.000363993,2
405,NA,NA,NA,0.497134567,0.29941466,0.241460118,0.269974712,0.006975068,0.088598432,0.067927178,0.066645094,0.092235413,NA,NA,NA,2
407,NA,NA,NA,NA,0.692871971,0.749582273,0.705936707,NA,NA,NA,NA,NA,NA,NA,NA,2
408,NA,NA,NA,0.501162285,0.819837859,0.324028693,0.088534894,NA,NA,NA,NA,NA,NA,NA,NA,2
410,NA,NA,NA,0.500122934,0.479610964,0.436305635,0.148296699,0.112525466,0.123351935,0.033065605,0.002256716,0.000958798,NA,NA,NA,2
415,NA,NA,NA,0.314484338,0.314484338,NA,NA,NA,NA,NA,NA,NA,NA,NA,NA,2
416,NA,NA,NA,0.48774778,0.434076949,0.313904989,0.093791098,0.058879421,0.015236708,0.015236708,0.000903656,0.066077637,0.000779798,NA,NA,2
417,NA,NA,NA,NA,0.499599694,0.51075089,0.175999948,0.227771415,0.317070678,0.317070678,0.236783737,0.09929865,1.525272401,NA,NA,2
418,NA,NA,NA,0.491240052,0.14732702,0.023622183,0.041865008,0.023996436,0.076656567,0.010133106,0.003374252,0.005133796,0.001135444,NA,NA,2
419,NA,NA,NA,0.508589853,0.508589853,0.326559479,0.27808213,0.176563548,0.050502607,0.018054166,0.012935954,0.052927317,0.002095163,NA,NA,2
420,NA,NA,NA,0.493693582,0.493693582,0.52130911,0.906501487,0.778205591,0.640197474,0.640197474,0.760683096,0.861257996,0.440492747,0.040793406,0.006048707,2
422,NA,NA,NA,0.502521364,0.520185476,0.448642179,0.320392978,0.291803246,0.389558069,0.389558069,0.270894843,0.455989252,0.167702182,NA,NA,2
423,NA,NA,NA,0.49701694,0.216720106,0.089724231,0.333806572,NA,NA,NA,NA,NA,NA,NA,NA,2
425,NA,NA,NA,NA,NA,0.487384004,0.570181559,0.312179443,0.514001817,0.644989868,NA,NA,NA,NA,NA,2
428,NA,NA,NA,NA,0.41010704,0.344211492,0.183081952,0.093468631,0.053161291,0.015374113,0.015374113,0.001878237,0.000959603,NA,NA,2
429,NA,NA,NA,0.421521371,0.073215167,NA,NA,NA,NA,NA,NA,NA,NA,NA,NA,2
430,NA,NA,NA,0.246375518,0.246375518,0.251344998,0.336340668,NA,NA,NA,NA,NA,NA,NA,NA,2
432,NA,NA,NA,0.656688144,0.570898953,0.584373461,0.45645971,NA,NA,NA,NA,NA,NA,NA,NA,2
433,NA,NA,NA,0.601500198,0.601500198,0.592841707,0.573228317,NA,NA,NA,NA,NA,NA,NA,NA,2
434,NA,NA,NA,0.484546006,0.212779471,0.006465092,0.005820155,NA,NA,NA,NA,NA,NA,NA,NA,2
438,NA,NA,NA,NA,NA,0.483998268,0.569024541,0.627463199,0.677352415,0.688722454,NA,NA,NA,NA,NA,2
444,NA,NA,NA,0.441160052,0.325575764,0.08828889,NA,NA,NA,NA,NA,NA,NA,NA,NA,2
445,NA,NA,NA,0.499887987,0.351489275,0.158803518,0.338237644,0.217795718,0.143895102,0.143895102,0.143895102,0.103849149,0.079034618,0.000705097,NA,2
447,NA,NA,NA,NA,NA,0.491192648,0.288064093,0.250750753,0.226184691,0.226184691,0.17955935,0.141567706,0.156538109,0.30605942,NA,2
448,NA,NA,NA,NA,NA,NA,NA,NA,NA,NA,NA,NA,NA,NA,NA,2
451,NA,NA,NA,NA,0.488375694,0.471087186,0.40958126,0.24381899,0.058245313,0.109987077,0.059010808,0.198828877,0.002702414,NA,NA,2
452,NA,NA,NA,0.500108544,0.351049187,0.224320013,0.114260408,0.15150234,0.128520674,0.128520674,0.114382427,0.193007131,0.238012246,0.50011811,NA,2
454,NA,NA,NA,NA,NA,NA,NA,NA,NA,NA,NA,NA,NA,NA,NA,2
457,NA,NA,NA,NA,NA,0.020493429,0.042315393,0.052131392,NA,NA,NA,NA,NA,NA,NA,2
458,NA,NA,NA,NA,NA,0.009325325,0.005797062,0.009341075,NA,NA,NA,NA,NA,NA,NA,2
459,NA,NA,NA,NA,0.455194156,0.201364973,0.054459811,0.070728957,0.086244788,0.055579737,0.022399312,0.01016171,0.043256118,NA,NA,2
460,NA,NA,NA,NA,0.538991764,0.531301568,0.175954697,0.172997476,0.069351449,NA,NA,NA,NA,NA,NA,2
461,NA,NA,NA,NA,0.18458966,0.119673843,0.096656129,0.017816348,0.002152177,NA,NA,NA,NA,NA,NA,2
462,NA,NA,NA,NA,0.770547011,1.061252341,0.324405167,0.262513738,0.110950287,NA,NA,NA,NA,NA,NA,2
464,NA,NA,NA,NA,0.117161092,0.006219628,0.000919439,NA,NA,NA,NA,NA,NA,NA,NA,2
465,NA,NA,NA,NA,NA,0.423149622,0.433002456,0.151497058,0.010711093,0.010711093,0.010711093,0.005091653,NA,NA,NA,2
466,NA,NA,NA,NA,0.578080537,0.273638174,0.105914202,0.07141073,0.042525524,0.033521664,0.040049229,0.033146858,0.002231902,NA,NA,2
467,NA,NA,NA,NA,0.41203685,0.303845756,0.086657102,0.033687289,0.014974997,0.006220808,0.000674433,6.56E-05,0.000108761,NA,NA,2
468,NA,NA,NA,NA,0.443741603,0.514745862,0.408547296,0.462399618,0.098990686,0.060500179,0.016704473,0.075110199,0.000635728,NA,NA,2
469,NA,NA,NA,NA,0.460113945,0.549393944,0.307031704,0.262339712,0.109174841,0.067015192,0.067015192,0.336744972,0.303491693,NA,NA,2
470,NA,NA,NA,NA,NA,0.033680466,0.045507081,0.051989613,NA,NA,NA,NA,NA,NA,NA,2
471,NA,NA,NA,NA,NA,0.00198784,0.002414912,0.004478567,NA,NA,NA,NA,NA,NA,NA,2
472,NA,NA,NA,NA,NA,0.000926807,0.004864147,0.001408885,NA,NA,NA,NA,NA,NA,NA,2
473,NA,NA,NA,NA,NA,0.007304784,0.004377959,0.018318127,NA,NA,NA,NA,NA,NA,NA,2
474,NA,NA,NA,NA,NA,0.002718573,0.003692326,8.70E-05,NA,NA,NA,NA,NA,NA,NA,2
475,NA,NA,NA,NA,NA,0.000164876,0.009300036,0.000197085,NA,NA,NA,NA,NA,NA,NA,2
476,NA,NA,NA,NA,NA,0.037553563,0.052576134,0.105234469,NA,NA,NA,NA,NA,NA,NA,2
477,NA,NA,NA,NA,NA,0.000644729,0.003459881,5.97E-05,NA,NA,NA,NA,NA,NA,NA,2
478,NA,NA,NA,NA,NA,0.053852819,0.035212033,0.044937074,NA,NA,NA,NA,NA,NA,NA,2
479,NA,NA,NA,NA,NA,0.003396472,0.007377512,0.000805927,NA,NA,NA,NA,NA,NA,NA,2
480,NA,NA,NA,NA,NA,0.052183449,0.076117739,0.109428433,NA,NA,NA,NA,NA,NA,NA,2
481,NA,NA,NA,NA,NA,0.008859732,0.024431344,0.003480153,NA,NA,NA,NA,NA,NA,NA,2
482,NA,NA,NA,NA,NA,0.000938671,0.004422356,0.002342031,NA,NA,NA,NA,NA,NA,NA,2
485,NA,NA,NA,NA,NA,0.003730681,0.001276348,0.001943556,NA,NA,NA,NA,NA,NA,NA,2
486,NA,NA,NA,NA,NA,0.006550431,0.007086382,0.003968371,NA,NA,NA,NA,NA,NA,NA,2
487,NA,NA,NA,NA,NA,0.006771408,0.009298035,0.011924833,NA,NA,NA,NA,NA,NA,NA,2
488,NA,NA,NA,NA,NA,0.004037827,0.001502194,0.005565806,NA,NA,NA,NA,NA,NA,NA,2
489,NA,NA,NA,NA,NA,0.001453154,0.005324374,0.00483226,NA,NA,NA,NA,NA,NA,NA,2
490,NA,NA,NA,NA,NA,0.015523756,0.026504713,0.03750811,NA,NA,NA,NA,NA,NA,NA,2
491,NA,NA,NA,NA,NA,0.024982102,0.011627727,0.029620147,NA,NA,NA,NA,NA,NA,NA,2
492,NA,NA,NA,NA,NA,0.129550479,0.151148034,0.19208054,NA,NA,NA,NA,NA,NA,NA,2
493,NA,NA,NA,NA,NA,0.000485386,0.002488382,0.001157857,NA,NA,NA,NA,NA,NA,NA,2
494,NA,NA,NA,NA,NA,0.059597961,0.062575509,0.06155911,NA,NA,NA,NA,NA,NA,NA,2
495,NA,NA,NA,NA,NA,0.015382688,0.005075174,0.018282028,NA,NA,NA,NA,NA,NA,NA,2
496,NA,NA,NA,NA,NA,0.234381314,NA,NA,NA,NA,NA,NA,NA,NA,NA,2
497,NA,NA,NA,NA,NA,0.045773217,0.028068963,0.044042681,NA,NA,NA,NA,NA,NA,NA,2
498,NA,NA,NA,NA,NA,0.003598056,0.001865899,0.011361519,NA,NA,NA,NA,NA,NA,NA,2
499,NA,NA,NA,NA,NA,0.034755089,0.043132706,0.056636678,NA,NA,NA,NA,NA,NA,NA,2
500,NA,NA,NA,NA,NA,0.099984436,0.11839822,0.153291448,NA,NA,NA,NA,NA,NA,NA,2
501,NA,NA,NA,NA,NA,0.035954658,0.038377146,0.058522174,NA,NA,NA,NA,NA,NA,NA,2
502,NA,NA,NA,NA,NA,0.09789344,0.104878611,0.136231966,NA,NA,NA,NA,NA,NA,NA,2
503,NA,NA,NA,NA,NA,0.009000759,0.015752035,0.007600603,NA,NA,NA,NA,NA,NA,NA,2
504,NA,NA,NA,NA,NA,0.011270704,0.018231768,0.022821666,NA,NA,NA,NA,NA,NA,NA,2
505,NA,NA,NA,NA,NA,0.003753691,0.003212125,0.020483438,NA,NA,NA,NA,NA,NA,NA,2
506,NA,NA,NA,NA,0.192199089,0.148672382,0.103198991,0.08323435,0.102227938,0.112479313,NA,NA,NA,NA,NA,2
507,NA,NA,NA,NA,0.698490871,0.662321065,0.515117186,0.700495813,NA,NA,NA,NA,NA,NA,NA,2
509,NA,NA,NA,NA,0.484194754,0.386302099,0.238548966,0.223667964,NA,NA,NA,NA,NA,NA,NA,2
510,NA,NA,NA,NA,0.506276128,NA,NA,NA,NA,NA,NA,NA,NA,NA,NA,2
511,NA,NA,NA,NA,0.51566798,0.451226854,0.134810031,0.114360349,0.056507481,0.047262192,0.020808574,0.038800228,NA,NA,NA,2
512,NA,NA,NA,NA,NA,0.002094655,0.002021455,0.010956917,NA,NA,NA,NA,NA,NA,NA,2
513,NA,NA,NA,NA,NA,0.000526714,0.002097308,0.00059373,NA,NA,NA,NA,NA,NA,NA,2
514,NA,NA,NA,NA,NA,0.018262122,0.045550584,0.042523656,NA,NA,NA,NA,NA,NA,NA,2
515,NA,NA,NA,NA,NA,0.000858967,0.004155156,0.000242021,NA,NA,NA,NA,NA,NA,NA,2
516,NA,NA,NA,NA,NA,0.002655745,0.01200268,0.004756754,NA,NA,NA,NA,NA,NA,NA,2
517,NA,NA,NA,NA,NA,0.127316752,0.146679927,0.16920831,NA,NA,NA,NA,NA,NA,NA,2
518,NA,NA,NA,NA,NA,0.008387305,0.020544332,0.066612584,NA,NA,NA,NA,NA,NA,NA,2
519,NA,NA,NA,NA,NA,0.015976767,0.012601352,0.039928455,NA,NA,NA,NA,NA,NA,NA,2
520,NA,NA,NA,NA,NA,0.007288237,0.024823043,0.010501302,NA,NA,NA,NA,NA,NA,NA,2
521,NA,NA,NA,NA,NA,0.006873193,0.018441016,0.007239411,NA,NA,NA,NA,NA,NA,NA,2
522,NA,NA,NA,NA,NA,0.00058338,0.004439738,0.004232622,NA,NA,NA,NA,NA,NA,NA,2
523,NA,NA,NA,NA,NA,0.01887101,0.00946203,0.034386081,NA,NA,NA,NA,NA,NA,NA,2
524,NA,NA,NA,NA,NA,0.000869779,0.003800045,0.0025399,NA,NA,NA,NA,NA,NA,NA,2
525,NA,NA,NA,NA,NA,0.006195674,0.002049796,0.002525325,NA,NA,NA,NA,NA,NA,NA,2
526,NA,NA,NA,NA,NA,0.007570942,0.016097249,0.025523943,NA,NA,NA,NA,NA,NA,NA,2
527,NA,NA,NA,NA,NA,0.031190561,0.046622612,0.088081511,NA,NA,NA,NA,NA,NA,NA,2
528,NA,NA,NA,NA,NA,0.000417807,0.005158036,0.004386412,NA,NA,NA,NA,NA,NA,NA,2
529,NA,NA,NA,NA,NA,NA,NA,NA,NA,NA,NA,NA,NA,NA,NA,2
530,NA,NA,NA,NA,NA,NA,NA,NA,NA,NA,NA,NA,NA,NA,NA,2
536,NA,NA,NA,NA,0.327951249,0.016706157,NA,NA,NA,NA,NA,NA,NA,NA,NA,2
537,NA,NA,NA,NA,NA,0.191346929,0.00287565,NA,NA,NA,NA,NA,NA,NA,NA,2
538,NA,NA,NA,NA,0.616902334,0.097120705,0.012480095,NA,NA,NA,NA,NA,NA,NA,NA,2
539,NA,NA,NA,NA,0.583603588,0.217006416,0.021381536,NA,NA,NA,NA,NA,NA,NA,NA,2
542,NA,NA,NA,NA,NA,0.467333893,0.267554415,0.457641937,NA,NA,NA,NA,NA,NA,NA,2
543,NA,NA,NA,NA,NA,0.151472297,0.161409234,0.157631102,NA,NA,NA,NA,NA,NA,NA,2
544,NA,NA,NA,NA,NA,0.269883299,0.376577355,0.268497574,NA,NA,NA,NA,NA,NA,NA,2
545,NA,NA,NA,NA,0.382300209,0.642641666,0.449561411,0.806079829,NA,NA,NA,NA,NA,NA,NA,2
546,NA,NA,NA,NA,NA,NA,NA,NA,NA,NA,NA,NA,NA,NA,NA,2
554,NA,NA,NA,NA,0.587351636,0.468644616,0.277243247,0.185422733,0.14954202,0.018912618,0.004316266,0.000768786,0.002125152,NA,NA,2
563,NA,NA,NA,NA,0.496296197,0.073345496,0.015252154,NA,NA,NA,NA,NA,NA,NA,NA,2
564,NA,NA,NA,NA,0.6352554,0.600125089,NA,NA,NA,NA,NA,NA,NA,NA,NA,2
569,NA,NA,NA,NA,NA,0.012560866,NA,NA,NA,NA,NA,NA,NA,NA,NA,2
572,NA,NA,NA,NA,NA,0.268594441,NA,NA,NA,NA,NA,NA,NA,NA,NA,2
573,NA,NA,NA,NA,NA,0.005478137,NA,NA,NA,NA,NA,NA,NA,NA,NA,2
575,NA,NA,NA,NA,NA,0.114182341,NA,NA,NA,NA,NA,NA,NA,NA,NA,2
576,NA,NA,NA,NA,0.609563312,0.330460405,NA,NA,NA,NA,NA,NA,NA,NA,NA,2
578,NA,NA,NA,NA,0.506862704,0.909919788,NA,NA,NA,NA,NA,NA,NA,NA,NA,2
580,NA,NA,NA,NA,0.496442949,0.226933713,0.392028904,0.15197059,0.128066364,0.054206704,0.016630774,0.019991341,0.042931017,NA,NA,2
583,NA,NA,NA,NA,0.493651173,0.083260393,0.065147744,0.13811991,0.115431118,0.073046948,0.026960173,0.029960189,0.000234933,NA,NA,2
584,NA,NA,NA,NA,NA,NA,NA,NA,NA,NA,NA,NA,NA,NA,NA,2
585,NA,NA,NA,NA,0.49470722,0.113394487,0.055075579,0.004799902,NA,NA,NA,NA,NA,NA,NA,2
589,NA,NA,NA,NA,0.927966592,NA,NA,NA,NA,NA,NA,NA,NA,NA,NA,2
590,NA,NA,NA,NA,0.004639456,0.004573265,NA,NA,NA,NA,NA,NA,NA,NA,NA,2
592,NA,NA,NA,NA,NA,0.00315764,NA,NA,NA,NA,NA,NA,NA,NA,NA,2
593,NA,NA,NA,NA,0.116372112,0.041591848,NA,NA,NA,NA,NA,NA,NA,NA,NA,2
594,NA,NA,NA,NA,NA,0.003745784,NA,NA,NA,NA,NA,NA,NA,NA,NA,2
595,NA,NA,NA,NA,NA,0.281927219,NA,NA,NA,NA,NA,NA,NA,NA,NA,2
596,NA,NA,NA,NA,0.025249773,0.006354369,NA,NA,NA,NA,NA,NA,NA,NA,NA,2
597,NA,NA,NA,NA,NA,0.449163571,NA,NA,NA,NA,NA,NA,NA,NA,NA,2
598,NA,NA,NA,NA,0.088757537,0.148062562,NA,NA,NA,NA,NA,NA,NA,NA,NA,2
600,NA,NA,NA,NA,NA,0.005492582,NA,NA,NA,NA,NA,NA,NA,NA,NA,2
601,NA,NA,NA,NA,NA,0.184095918,NA,NA,NA,NA,NA,NA,NA,NA,NA,2
603,NA,NA,NA,NA,NA,0.14641031,NA,NA,NA,NA,NA,NA,NA,NA,NA,2
604,NA,NA,NA,NA,NA,0.027938713,NA,NA,NA,NA,NA,NA,NA,NA,NA,2
605,NA,NA,NA,NA,NA,0.003010328,NA,NA,NA,NA,NA,NA,NA,NA,NA,2
606,NA,NA,NA,NA,NA,0.061987501,NA,NA,NA,NA,NA,NA,NA,NA,NA,2
611,NA,NA,NA,NA,NA,0.38208108,NA,NA,NA,NA,NA,NA,NA,NA,NA,2
612,NA,NA,NA,NA,NA,0.899861631,NA,NA,NA,NA,NA,NA,NA,NA,NA,2
613,NA,NA,NA,NA,NA,0.240565099,NA,NA,NA,NA,NA,NA,NA,NA,NA,2
614,NA,NA,NA,NA,NA,NA,NA,NA,NA,NA,NA,NA,NA,NA,NA,2
615,NA,NA,NA,NA,NA,0.268947004,NA,NA,NA,NA,NA,NA,NA,NA,NA,2
617,NA,NA,NA,NA,NA,1.123142594,NA,NA,NA,NA,NA,NA,NA,NA,NA,2
621,NA,NA,NA,NA,NA,0.364357816,0.261372959,NA,NA,NA,NA,NA,NA,NA,NA,2
624,NA,NA,NA,NA,NA,0.555937292,0.295207765,0.356176537,0.321690854,0.165860875,0.142624665,0.066143645,0.01956468,NA,NA,2
625,NA,NA,NA,NA,NA,0.241735734,0.072599715,0.066138477,0.133695112,0.104246579,0.080000857,0.01507553,0.000797551,NA,NA,2
626,NA,NA,NA,NA,NA,0.758831763,NA,NA,NA,NA,NA,NA,NA,NA,NA,2
627,NA,NA,NA,NA,NA,0.933506908,NA,NA,NA,NA,NA,NA,NA,NA,NA,2
628,NA,NA,NA,NA,NA,0.422453962,0.354756562,0.396562478,0.48093781,0.48093781,0.48093781,0.52186202,0.317455843,NA,NA,2
630,NA,NA,NA,NA,NA,0.464913107,NA,NA,NA,NA,NA,NA,NA,NA,NA,2
632,NA,NA,NA,NA,NA,NA,NA,NA,NA,NA,NA,NA,NA,NA,NA,2
635,NA,NA,NA,NA,NA,0.305786656,0.119012143,0.084791664,0.046623658,0.035329556,0.045249375,0.026961836,0.001594793,NA,NA,2
642,NA,NA,NA,NA,NA,0.536033342,NA,NA,NA,NA,NA,NA,NA,NA,NA,2
643,NA,NA,NA,NA,NA,0.57660327,0.338853526,NA,NA,NA,NA,NA,NA,NA,NA,2
645,NA,NA,NA,NA,NA,0.949414136,1.010936152,0.940695226,NA,NA,NA,NA,NA,NA,NA,2
648,NA,NA,NA,NA,NA,0.549404066,NA,NA,NA,NA,NA,NA,NA,NA,NA,2
649,NA,NA,NA,NA,NA,NA,0.348552315,0.601570175,0.200649394,0.095957306,0.02664363,0.031192473,NA,NA,NA,2
655,NA,NA,NA,NA,NA,0.258137817,NA,NA,NA,NA,NA,NA,NA,NA,NA,2
656,NA,NA,NA,NA,NA,0.568334825,0.293779191,NA,NA,NA,NA,NA,NA,NA,NA,2
658,NA,NA,NA,NA,NA,0.074419845,0.102680282,NA,NA,NA,NA,NA,NA,NA,NA,2
659,NA,NA,NA,NA,NA,0.457157868,0.148543765,0.111316564,0.215615369,0.124555575,0.035825283,0.003914625,NA,NA,NA,2
660,NA,NA,NA,NA,NA,0.024062879,0.125688937,0.205116511,0.171583221,0.319747631,0.319747631,NA,NA,NA,NA,2
661,NA,NA,NA,NA,NA,0.21777198,0.062492624,NA,NA,NA,NA,NA,NA,NA,NA,2
663,NA,NA,NA,NA,NA,0.280604284,0.139343155,0.139260951,0.090187429,0.08123322,0.078372881,0.094117818,0.090151713,0.078424695,NA,2
664,NA,NA,NA,NA,NA,0.212342401,0.21429169,0.204390617,0.210478479,0.205325076,0.203573011,0.198160599,0.204509485,0.204509485,0.169646351,2
665,NA,NA,NA,NA,NA,0.191238217,0.064880831,0.060979104,0.06696585,0.123941736,0.123941736,0.243118789,0.137662633,0.104446919,0.038450522,2
667,NA,NA,NA,NA,NA,0.489720511,NA,NA,NA,NA,NA,NA,NA,NA,NA,2
669,NA,NA,NA,NA,NA,0.464722798,0.301600611,0.263161001,0.24198298,0.206597164,NA,NA,NA,NA,NA,2
670,NA,NA,NA,NA,NA,0.471231976,0.461926972,0.326906052,0.263783733,0.094958447,0.000290702,0.003865111,0.000194071,NA,NA,2
671,NA,NA,NA,NA,NA,0.462228265,0.385136459,NA,NA,NA,NA,NA,NA,NA,NA,2
672,NA,NA,NA,NA,NA,0.527090153,0.430505614,NA,NA,NA,NA,NA,NA,NA,NA,2
674,NA,NA,NA,NA,NA,0.526494164,0.759290707,0.999849306,0.755224904,0.000215337,NA,NA,NA,NA,NA,2
677,NA,NA,NA,NA,NA,0.273632807,0.01637764,NA,NA,NA,NA,NA,NA,NA,NA,2
679,NA,NA,NA,NA,NA,0.505404049,0.388249911,0.30530225,0.336654859,0.298028062,0.180029675,0.14728236,0.003339389,NA,NA,2
685,NA,NA,NA,NA,NA,0.500183916,0.88280301,0.393116786,NA,NA,NA,NA,NA,NA,NA,2
687,NA,NA,NA,NA,NA,NA,0.122705668,0.030282929,0.029017609,0.013562989,NA,NA,NA,NA,NA,2
693,NA,NA,NA,NA,NA,NA,0.461135191,0.258471159,0.252181489,0.145640936,0.145640936,0.009807952,0.006160415,NA,NA,2
694,NA,NA,NA,NA,NA,NA,0.842667676,0.802246492,0.573281478,0.471615454,0.466502505,0.55973309,0.617834485,NA,NA,2
698,NA,NA,NA,NA,NA,NA,0.379939312,NA,NA,NA,NA,NA,NA,NA,NA,2
699,NA,NA,NA,NA,NA,NA,0.319016287,NA,NA,NA,NA,NA,NA,NA,NA,2
700,NA,NA,NA,NA,NA,NA,0.344963234,NA,NA,NA,NA,NA,NA,NA,NA,2
702,NA,NA,NA,NA,NA,NA,0.106122925,0.003733264,0.007674488,0.128683939,0.327573276,0.007893141,0.002313945,NA,NA,2
704,NA,NA,NA,NA,NA,NA,0.513954725,0.215869951,0.067423724,0.064526692,0.044322178,0.032613717,0.004426799,NA,NA,2
705,NA,NA,NA,NA,NA,NA,0.291744431,0.094102829,0.027413323,0.027413323,0.003866853,0.017316237,0.086894745,NA,NA,2
707,NA,NA,NA,NA,NA,NA,0.083636495,NA,NA,NA,NA,NA,NA,NA,NA,2
710,NA,NA,NA,NA,NA,NA,0.577394513,0.553756303,0.499721659,0.499721659,0.356187318,0.029648102,0.001550582,NA,NA,2
713,NA,NA,NA,NA,NA,NA,0.213911534,0.085322057,0.078440461,NA,NA,NA,NA,NA,NA,2
715,NA,NA,NA,NA,NA,NA,0.372971422,0.234607412,0.121914672,0.136288746,0.044804088,0.006933638,1.78E-08,NA,NA,2
716,NA,NA,NA,NA,NA,NA,0.49936673,0.190640233,0.147044319,0.051397142,NA,NA,NA,NA,NA,2
718,NA,NA,NA,NA,NA,NA,0.816462675,0.443391292,0.430422643,0.062340579,0.006498397,0.010898097,0.039931852,NA,NA,2
719,NA,NA,NA,NA,NA,NA,0.513915482,0.208637796,0.222659001,0.035600842,0.024676245,0.001445888,0.000739792,NA,NA,2
720,NA,NA,NA,NA,NA,NA,0.84427426,0.643236947,0.752267044,0.774531114,0.755563155,0.786358256,0.895029959,NA,NA,2
728,NA,NA,NA,NA,NA,NA,0.378142438,0.273248813,0.040218587,0.09627583,NA,NA,NA,NA,NA,2
730,NA,NA,NA,NA,NA,NA,0.248425645,0.260601067,NA,NA,NA,NA,NA,NA,NA,2
733,NA,NA,NA,NA,NA,NA,0.642262871,0.672559987,0.31915571,0.331148012,0.334969428,0.176058565,0.033622256,NA,NA,2
735,NA,NA,NA,NA,NA,NA,0.641472552,0.660342628,0.439827847,0.053201718,NA,NA,NA,NA,NA,2
737,NA,NA,NA,NA,NA,NA,0.520633904,0.420554773,0.497247811,0.056556613,NA,NA,NA,NA,NA,2
738,NA,NA,NA,NA,NA,NA,0.142926295,0.010722936,NA,NA,NA,NA,NA,NA,NA,2
739,NA,NA,NA,NA,NA,NA,0.074515447,0.043390251,NA,NA,NA,NA,NA,NA,NA,2
747,NA,NA,NA,NA,NA,NA,0.147135379,0.001230443,NA,NA,NA,NA,NA,NA,NA,2
748,NA,NA,NA,NA,NA,NA,NA,0.163998079,0.026538227,0.053523797,0.015682859,0.060354543,0.046936625,0.014858274,NA,2
750,NA,NA,NA,NA,NA,NA,NA,0.483170938,NA,NA,NA,NA,NA,NA,NA,2
751,NA,NA,NA,NA,NA,NA,NA,0.522176479,NA,NA,NA,NA,NA,NA,NA,2
752,NA,NA,NA,NA,NA,NA,NA,0.75151218,NA,NA,NA,NA,NA,NA,NA,2
754,NA,NA,NA,NA,NA,NA,NA,0.464329307,NA,NA,NA,NA,NA,NA,NA,2
758,NA,NA,NA,NA,NA,NA,NA,0.795928686,NA,NA,NA,NA,NA,NA,NA,2
761,NA,NA,NA,NA,NA,NA,NA,0.037840433,0.141243785,0.141243785,0.141243785,0.221050065,0.00200776,NA,NA,2
764,NA,NA,NA,NA,NA,NA,NA,0.33177328,0.245333593,NA,NA,NA,NA,NA,NA,2
765,NA,NA,NA,NA,NA,NA,NA,0.301154068,0.491715979,NA,NA,NA,NA,NA,NA,2
766,NA,NA,NA,NA,NA,NA,NA,0.400353657,0.337045267,NA,NA,NA,NA,NA,NA,2
767,NA,NA,NA,NA,NA,NA,NA,0.156627275,0.085196007,NA,NA,NA,NA,NA,NA,2
778,NA,NA,NA,NA,NA,NA,NA,0.416048156,0.416345346,0.340924565,0.274278483,NA,NA,NA,NA,2
785,NA,NA,NA,NA,NA,NA,NA,0.018507876,0.018507876,NA,NA,NA,NA,NA,NA,2
786,NA,NA,NA,NA,NA,NA,NA,0.406072074,0.170834156,0.058767004,0.020899719,0.024762985,0.001813537,NA,NA,2
789,NA,NA,NA,NA,NA,NA,NA,0.486330504,0.46485639,0.46485639,0.602948055,0.53640607,NA,NA,NA,2
791,NA,NA,NA,NA,NA,NA,NA,0.417067344,0.398168211,0.082078375,0.008675497,0.002947507,0.004309558,NA,NA,2
801,NA,NA,NA,NA,NA,NA,NA,0.49926491,0.330716624,0.172757781,0.134901284,0.089427739,0.040282698,NA,NA,2
803,NA,NA,NA,NA,NA,NA,NA,0.350045694,0.035258496,0.024088465,0.015361726,0.023191088,0.048381485,NA,NA,2
814,NA,NA,NA,NA,NA,NA,NA,0.421349963,0.03911028,NA,NA,NA,NA,NA,NA,2
815,NA,NA,NA,NA,NA,NA,NA,0.386792871,0.025170809,NA,NA,NA,NA,NA,NA,2
818,NA,NA,NA,NA,NA,NA,NA,0.527377766,0.782791792,0.782791792,0.939230249,0.868586983,1.386636858,1.185475119,NA,2
819,NA,NA,NA,NA,NA,NA,NA,0.50569667,0.537410108,0.328642922,0.407962146,0.231164369,0.388655307,0.106884558,NA,2
823,NA,NA,NA,NA,NA,NA,NA,0.192136751,0.098813007,0.055937381,NA,NA,NA,NA,NA,2
834,NA,NA,NA,NA,NA,NA,NA,NA,0.23698986,NA,NA,NA,NA,NA,NA,2
835,NA,NA,NA,NA,NA,NA,NA,NA,0.93252946,0.492039483,0.176059852,0.002064661,NA,NA,NA,2
836,NA,NA,NA,NA,NA,NA,NA,NA,0.545929781,NA,NA,NA,NA,NA,NA,2
838,NA,NA,NA,NA,NA,NA,NA,NA,NA,NA,NA,NA,NA,NA,NA,2
839,NA,NA,NA,NA,NA,NA,NA,NA,NA,NA,NA,NA,NA,NA,NA,2
845,NA,NA,NA,NA,NA,NA,NA,NA,0.529711707,0.497631643,0.495890383,0.486973475,0.49238585,0.495604916,0.534703718,2
846,NA,NA,NA,NA,NA,NA,NA,NA,NA,NA,NA,NA,NA,NA,NA,2
847,NA,NA,NA,NA,NA,NA,NA,NA,NA,NA,NA,NA,NA,NA,NA,2
848,NA,NA,NA,NA,NA,NA,NA,NA,NA,NA,NA,NA,NA,NA,NA,2
853,NA,NA,NA,NA,NA,NA,NA,NA,0.321352667,0.062765553,0.066993256,0.06226526,NA,NA,NA,2
854,NA,NA,NA,NA,NA,NA,NA,NA,0.352780347,0.08852955,NA,NA,NA,NA,NA,2
855,NA,NA,NA,NA,NA,NA,NA,NA,0.437172839,0.011116744,NA,NA,NA,NA,NA,2
856,NA,NA,NA,NA,NA,NA,NA,NA,0.361960394,0.361960394,0.361960394,0.010536854,0.002251671,NA,NA,2
867,NA,NA,NA,NA,NA,NA,NA,NA,0.45142118,0.213674456,0.095678404,0.033905617,0.017073875,NA,NA,2
875,NA,NA,NA,NA,NA,NA,NA,NA,0.460635749,0.460635749,0.460635749,0.05653317,0.074502287,0.032703742,NA,2
876,NA,NA,NA,NA,NA,NA,NA,NA,NA,NA,NA,0.635795995,0.62372722,1.501458899,NA,2
877,NA,NA,NA,NA,NA,NA,NA,NA,0.478808295,0.478808295,0.478808295,0.28149678,0.120367187,0.02883863,NA,2
878,NA,NA,NA,NA,NA,NA,NA,NA,0.462324019,0.462324019,0.462324019,0.100265435,0.048685921,0.031258259,NA,2
889,NA,NA,NA,NA,NA,NA,NA,NA,0.784392307,0.19670705,NA,NA,NA,NA,NA,2
893,NA,NA,NA,NA,NA,NA,NA,NA,0.341501251,0.227611073,0.21912998,NA,NA,NA,NA,2
894,NA,NA,NA,NA,NA,NA,NA,NA,0.519631528,0.355906621,0.168875015,0.122405361,NA,NA,NA,2
897,NA,NA,NA,NA,NA,NA,NA,NA,NA,0.022847345,0.019373553,0.010508724,NA,NA,NA,2
898,NA,NA,NA,NA,NA,NA,NA,NA,NA,0.000243711,0.000243711,0.021176385,NA,NA,NA,2
899,NA,NA,NA,NA,NA,NA,NA,NA,NA,0.071502258,0.045538109,0.040120899,NA,NA,NA,2
905,NA,NA,NA,NA,NA,NA,NA,NA,NA,0.438231216,0.498357508,0.173483356,0.281680846,0.237134195,NA,2
906,NA,NA,NA,NA,NA,NA,NA,NA,NA,0.843979198,0.630069199,0.58819931,0.526020157,0.286346968,NA,2
907,NA,NA,NA,NA,NA,NA,NA,NA,NA,0.962660223,0.927318882,0.91278884,0.690182842,0.695874277,NA,2
908,NA,NA,NA,NA,NA,NA,NA,NA,NA,0.160403101,0.160403101,0.112254847,NA,NA,NA,2
910,NA,NA,NA,NA,NA,NA,NA,NA,NA,NA,NA,NA,NA,NA,NA,2
917,NA,NA,NA,NA,NA,NA,NA,NA,NA,0.936246684,0.919380471,1.009989051,0.903168073,NA,NA,2
918,NA,NA,NA,NA,NA,NA,NA,NA,NA,0.931309171,0.913007913,0.899794707,0.92068597,0.954493058,NA,2
920,NA,NA,NA,NA,NA,NA,NA,NA,NA,0.919450059,0.445865041,0.005134029,NA,NA,NA,2
922,NA,NA,NA,NA,NA,NA,NA,NA,NA,0.048974319,0.048974319,0.010872295,NA,NA,NA,2
923,NA,NA,NA,NA,NA,NA,NA,NA,NA,0.000430617,0.000430617,0.004174518,NA,NA,NA,2
924,NA,NA,NA,NA,NA,NA,NA,NA,NA,0.546209737,0.546209737,0.229960668,0.038784645,0.00395203,NA,2
925,NA,NA,NA,NA,NA,NA,NA,NA,NA,NA,NA,NA,NA,NA,NA,2
930,NA,NA,NA,NA,NA,NA,NA,NA,NA,0.260978001,0.183329555,NA,NA,NA,NA,2
934,NA,NA,NA,NA,NA,NA,NA,NA,NA,0.177608831,0.084892477,0.034467334,0.03683316,NA,NA,2
937,NA,NA,NA,NA,NA,NA,NA,NA,NA,0.503455226,0.547441618,0.296995859,0.034567275,NA,NA,2
939,NA,NA,NA,NA,NA,NA,NA,NA,NA,0.496947204,0.034107886,0.012798483,NA,NA,NA,2
940,NA,NA,NA,NA,NA,NA,NA,NA,NA,NA,NA,NA,NA,NA,NA,2
941,NA,NA,NA,NA,NA,NA,NA,NA,NA,0.504257821,1.464515997,NA,NA,NA,NA,2
947,NA,NA,NA,NA,NA,NA,NA,NA,NA,NA,NA,NA,NA,NA,NA,2
952,NA,NA,NA,NA,NA,NA,NA,NA,NA,NA,NA,NA,NA,NA,NA,2
957,NA,NA,NA,NA,NA,NA,NA,NA,NA,NA,NA,NA,NA,NA,NA,2
962,NA,NA,NA,NA,NA,NA,NA,NA,NA,NA,NA,NA,NA,NA,NA,2
967,NA,NA,NA,NA,NA,NA,NA,NA,NA,NA,NA,NA,NA,NA,NA,2
972,NA,NA,NA,NA,NA,NA,NA,NA,NA,NA,NA,NA,NA,NA,NA,2
977,NA,NA,NA,NA,NA,NA,NA,NA,NA,NA,NA,NA,NA,NA,NA,2
982,NA,NA,NA,NA,NA,NA,NA,NA,NA,NA,NA,NA,NA,NA,NA,2
987,NA,NA,NA,NA,NA,NA,NA,NA,NA,NA,NA,NA,NA,NA,NA,2
1022,NA,NA,NA,NA,NA,NA,NA,NA,NA,NA,0.514458613,0.162315664,0.116376758,NA,NA,2
1023,NA,NA,NA,NA,NA,NA,NA,NA,NA,NA,0.734380689,0.387067871,0.05759381,NA,NA,2
1025,NA,NA,NA,NA,NA,NA,NA,NA,NA,NA,0.145144854,0.104584735,0.023055472,0.005957,NA,2
1027,NA,NA,NA,NA,NA,NA,NA,NA,NA,NA,NA,NA,NA,NA,NA,2
1028,NA,NA,NA,NA,NA,NA,NA,NA,NA,NA,0.679449263,0.401290954,NA,NA,NA,2
1030,NA,NA,NA,NA,NA,NA,NA,NA,NA,NA,0.39732407,0.450651879,0.576732623,NA,NA,2
1032,NA,NA,NA,NA,NA,NA,NA,NA,NA,NA,NA,NA,NA,NA,NA,2
1038,NA,NA,NA,NA,NA,NA,NA,NA,NA,NA,0.435173386,0.271556611,0.202670827,0.002183242,0.000600136,2
1040,NA,NA,NA,NA,NA,NA,NA,NA,NA,NA,NA,NA,NA,NA,NA,2
1041,NA,NA,NA,NA,NA,NA,NA,NA,NA,NA,0.523744521,0.141426387,0.005265214,NA,NA,2
1042,NA,NA,NA,NA,NA,NA,NA,NA,NA,NA,0.47257081,0.06033829,0.014158567,NA,NA,2
1049,NA,NA,NA,NA,NA,NA,NA,NA,NA,NA,NA,NA,NA,NA,NA,2
1051,NA,NA,NA,NA,NA,NA,NA,NA,NA,NA,NA,NA,NA,NA,NA,2
1058,NA,NA,NA,NA,NA,NA,NA,NA,NA,NA,NA,0.512154856,0.480028172,0.517866745,NA,2
1060,NA,NA,NA,NA,NA,NA,NA,NA,NA,NA,NA,NA,NA,NA,NA,2
1062,NA,NA,NA,NA,NA,NA,NA,NA,NA,NA,NA,NA,NA,NA,NA,2
1063,NA,NA,NA,NA,NA,NA,NA,NA,NA,NA,NA,0.401250851,0.2312,NA,NA,2
1064,NA,NA,NA,NA,NA,NA,NA,NA,NA,NA,NA,NA,NA,NA,NA,2
1069,NA,NA,NA,NA,NA,NA,NA,NA,NA,NA,NA,0.559185226,0.261574053,0.206765616,0.002159754,2
1083,NA,NA,NA,NA,NA,NA,NA,NA,NA,NA,NA,0.100420166,0.00548547,NA,NA,2
1086,NA,NA,NA,NA,NA,NA,NA,NA,NA,NA,NA,NA,NA,NA,NA,2
1088,NA,NA,NA,NA,NA,NA,NA,NA,NA,NA,NA,NA,0.316845993,NA,NA,2
1089,NA,NA,NA,NA,NA,NA,NA,NA,NA,NA,NA,NA,0.551521092,0.186340366,NA,2
1090,NA,NA,NA,NA,NA,NA,NA,NA,NA,NA,NA,NA,0.475649616,0.413614593,NA,2
1098,NA,NA,NA,NA,NA,NA,NA,NA,NA,NA,NA,NA,0.418549416,NA,NA,2
1102,NA,NA,NA,NA,NA,NA,NA,NA,NA,NA,NA,NA,0.495846419,NA,NA,2
1106,NA,NA,NA,NA,NA,NA,NA,NA,NA,NA,NA,NA,NA,NA,NA,2
1107,NA,NA,NA,NA,NA,NA,NA,NA,NA,NA,NA,NA,NA,NA,NA,2
1108,NA,NA,NA,NA,NA,NA,NA,NA,NA,NA,NA,NA,0.739724714,NA,NA,2
1114,NA,NA,NA,NA,NA,NA,NA,NA,NA,NA,NA,NA,0.762583777,NA,NA,2
1122,NA,NA,NA,NA,NA,NA,NA,NA,NA,NA,NA,NA,NA,NA,NA,2
1127,NA,NA,NA,NA,NA,NA,NA,NA,NA,NA,NA,NA,NA,NA,NA,2
1131,NA,NA,NA,NA,NA,NA,NA,NA,NA,NA,NA,NA,NA,0.34737801,NA,2
1132,NA,NA,NA,NA,NA,NA,NA,NA,NA,NA,NA,NA,NA,0.54938242,NA,2
1140,NA,NA,NA,NA,NA,NA,NA,NA,NA,NA,NA,NA,NA,0.52286232,NA,2
1141,NA,NA,NA,NA,NA,NA,NA,NA,NA,NA,NA,NA,NA,NA,NA,2
1142,NA,NA,NA,NA,NA,NA,NA,NA,NA,NA,NA,NA,NA,NA,NA,2
1143,NA,NA,NA,NA,NA,NA,NA,NA,NA,NA,NA,NA,NA,NA,NA,2
1151,NA,NA,NA,NA,NA,NA,NA,NA,NA,NA,NA,NA,NA,NA,NA,2
1180,NA,NA,NA,NA,NA,NA,NA,NA,NA,NA,NA,NA,NA,NA,NA,2
